type_designator,class,engine_number_type_faa_weight_class,icao_wtc,cwt,srs,lahso_group,pdf_page
A002,Gyroplane,1P/S,Light,I,I,,10
A1,Fixed-wing,1P/S+,Medium,H,III,,10
A10*,Fixed-wing,2J/L,Medium,G,III,,10
A109,Helicopter,2T/S,Light,I,I,,10
A119,Helicopter,1T/S,Light,I,I,,10
A122,Fixed-wing,1P/S,Light,I,I,,10
A124,Fixed-wing,4J/H,Heavy,D,III,,10
A129,Helicopter,2T/S,Light,I,I,,10
A139,Helicopter,2T/S+,Light,I,I,,10
A140,Fixed-wing,2T/L,Medium,G,III,,10
A148,Fixed-wing,2J/L,Medium,F,III,,10
A149,Helicopter,2T/S+,Medium,H,I,,10
A158,Fixed-wing,2J/L,Medium,F,III,,10
A169,Helicopter,2T/S,Light,I,I,,11
A178,Fixed-wing,2J/L,Medium,F,III,,11
A189,Helicopter,2T/S+,Medium,H,I,,11
A19,Fixed-wing,1P/S,Light,I,I,,11
A19N,Fixed-wing,2J/L,Medium,F,III,7,11
A20,Fixed-wing,2P/S+,Medium,H,III,,11
A205,Gyroplane,1P/S,Light,I,I,,11
A20J,Fixed-wing,1J/S,Light,I,III,,11
A20N,Fixed-wing,2J/L,Medium,F,III,7,11
A21,Fixed-wing,1P/S,Light,I,I,,11
A210,Fixed-wing,1P/S,Light,I,I,,11
A211,Fixed-wing,1P/S,Light,I,I,,11
A21N,Fixed-wing,2J/L,Medium,F,III,7,11
A22,Fixed-wing,1P/S,Light,I,I,,11
A223,Fixed-wing,1P/S,Light,I,I,,11
A225,Fixed-wing,6J/J,Heavy,A,III,,11
A23,Fixed-wing,1P/S,Light,I,I,,11
A25,@Fixed-wing,1P/S,Light,I,I,,11
A251,@Fixed-wing,2P/S,Light,I,II,,11
A27,Fixed-wing,1P/S,Light,I,I,,11
A270,Fixed-wing,1T/S,Light,I,I,,11
A29,Fixed-wing,1P/S,Light,I,I,,11
A2RT,Helicopter,2T/S,Light,I,I,,11
A3*,Fixed-wing,2J/L,Medium,G,III,,11
A306,Fixed-wing,2J/H,Heavy,C,III,7,11
A30B,Fixed-wing,2J/H,Heavy,C,III,8,11
A31,Fixed-wing,1P/S,Light,I,I,,11
A310,Fixed-wing,2J/H,Heavy,C,III,7,11
A318,Fixed-wing,2J/L,Medium,F,III,7,11
A319,Fixed-wing,2J/L,Medium,F,III,7,11
A320,Fixed-wing,2J/L,Medium,F,III,7,11
A321,Fixed-wing,2J/L,Medium,F,III,7,11
A32E,Fixed-wing,1E/S,Light,I,I,,11
A32P,Fixed-wing,1P/S,Light,I,I,,11
A33,Fixed-wing,1P/S,Light,I,I,,11
A332,Fixed-wing,2J/H,Heavy,B,III,8,11
A333,Fixed-wing,2J/H,Heavy,B,III,8,12
A337,Fixed-wing,2J/H,Heavy,D,III,,12
A338,Fixed-wing,2J/H,Heavy,D,III,8,12
A339,Fixed-wing,2J/H,Heavy,D,III,9,12
A33E,Fixed-wing,1E/S,Light,I,I,,12
A33P,Fixed-wing,1P/S,Light,I,I,,12
A342,Fixed-wing,4J/H,Heavy,D,III,9,12
A343,Fixed-wing,4J/H,Heavy,B,III,9,12
A345,Fixed-wing,4J/H,Heavy,B,III,9,12
A346,Fixed-wing,4J/H,Heavy,B,III,9,12
A34E,Fixed-wing,1E/S,Light,I,I,,12
A35,Fixed-wing,1P/S,Light,I,I,,12
A359,Fixed-wing,2J/H,Heavy,B,III,9,12
A35K,Fixed-wing,2J/H,Heavy,D,III,9,12
A37*,Fixed-wing,2J/S+,Light,I,III,,12
A388,Fixed-wing,4J/J,Super,A,III,10,12
A3ST,Fixed-wing,2J/H,Heavy,D,III,,12
A4*,Fixed-wing,1J/S+,Medium,H,III,,12
A400,Fixed-wing,4T/H,Heavy,D,III,,12
A411,Fixed-wing,2P/S,Light,I,II,,12
A5,@Fixed-wing,1P/S,Light,I,I,,12
A50,Fixed-wing,4J/H,Heavy,D,III,,12
A500,Fixed-wing,2P/S,Light,I,II,,12
A504,Fixed-wing,1P/S,Light,I,I,,12
A6,Fixed-wing,2J/L,Medium,G,III,,12
A600,Helicopter,1P/S,Light,I,I,,12
A660,Fixed-wing,1T/S+,Light,I,III,,12
A700,Fixed-wing,2J/S,Light,I,III,,12
A743,Fixed-wing,2J/L,Medium,F,III,,12
A748,Fixed-wing,2T/L,Medium,F,III,5,13
A890,Fixed-wing,1P/S,Light,I,I,,13
A9,Fixed-wing,1P/S,Light,I,I,,13
A900,Fixed-wing,1P/S,Light,I,I,,13
A910,Fixed-wing,1P/S,Light,I,I,,13
AA1,Fixed-wing,1P/S,Light,I,I,1,13
AA37,Fixed-wing,2P/S,Light,I,II,,13
AA5,Fixed-wing,1P/S,Light,I,I,1,13
AAT3,Fixed-wing,1P/S,Light,I,I,,13
AAT4,Fixed-wing,1P/S,Light,I,I,,13
AB11,Fixed-wing,1P/S,Light,I,I,,13
AB15,Fixed-wing,1P/S,Light,I,I,,13
AB18,Fixed-wing,1P/S,Light,I,I,,13
AB95,Fixed-wing,1P/S,Light,I,I,,13
AC10,Gyroplane,1P/S,Light,I,I,,13
AC11,Fixed-wing,1P/S,Light,I,I,2,13
AC31,Helicopter,1T/S,Light,I,I,,13
AC33,Helicopter,3T/S+,Medium,H,I,,13
AC4,Fixed-wing,1P/S,Light,I,I,,13
AC50,Fixed-wing,2P/S,Light,I,II,3,13
AC52,Fixed-wing,2P/S,Light,I,II,1,13
AC56,Fixed-wing,2P/S,Light,I,II,4,14
AC5A,Fixed-wing,1P/S,Light,I,I,,14
AC5M,Fixed-wing,1P/S,Light,I,I,,14
AC68,Fixed-wing,2P/S,Light,I,II,5,14
AC6L,Fixed-wing,2P/S,Light,I,II,6,14
AC72,Fixed-wing,2P/S,Light,I,II,4,14
AC80,Fixed-wing,2T/S,Light,I,II,4,14
AC90,Fixed-wing,2T/S,Light,I,II,4,14
AC95,Fixed-wing,2T/S,Light,I,II,6,14
ACAM,Fixed-wing,2P/S,Light,I,II,,14
ACAR,Fixed-wing,1P/S,Light,I,I,,14
ACED,Fixed-wing,1P/S,Light,I,I,,14
ACR2,Fixed-wing,1P/S,Light,I,I,,14
ACRD,Fixed-wing,2P/S,Light,I,II,,14
ACRO,Fixed-wing,1P/S,Light,I,I,,14
ACSR,Fixed-wing,1P/S,Light,I,I,,14
AD20,Fixed-wing,1P/S,Light,I,I,,14
ADEL,Gyroplane,1P/S,Light,I,I,,14
ADVE,Fixed-wing,1P/S,Light,I,I,,14
ADVN,@Fixed-wing,1P/S,Light,I,I,,14
AE45,Fixed-wing,2P/S,Light,I,II,,14
AEA1,Fixed-wing,1P/S,Light,I,I,,14
AERK,Fixed-wing,1P/S,Light,I,I,,15
AEST,Fixed-wing,2P/S,Light,I,II,5,15
AFOX,Fixed-wing,1P/S,Light,I,I,,15
AG02,Fixed-wing,1P/S,Light,I,I,,15
AG04,Fixed-wing,1P/S,Light,I,I,,15
AG10,Fixed-wing,1P/S,Light,I,I,,15
AG14,Fixed-wing,1P/S,Light,I,I,,15
AGSH,@Fixed-wing,1P/S,Light,I,I,,15
AI10,Fixed-wing,1P/S,Light,I,I,,15
AIGT,Fixed-wing,1P/S,Light,I,I,,15
AIRD,Fixed-wing,1P/S,Light,I,I,,15
AIRL,Fixed-wing,2P/S,Light,I,II,,15
AJ27,Fixed-wing,2J/L,Medium,G,III,,15
AJET*,Fixed-wing,2J/S+,Medium,H,III,,15
AKOY,@Fixed-wing,1P/S,Light,I,I,,15
AKRO,Fixed-wing,1P/S,Light,I,I,,15
ALBU,Fixed-wing,1P/S,Light,I,I,,15
ALC1,Fixed-wing,1P/S,Light,I,I,,15
ALGR,Fixed-wing,1P/S,Light,I,I,,15
ALH,Helicopter,2T/S,Light,I,I,,15
ALIG,Fixed-wing,1P/S,Light,I,I,,15
ALIZ,Fixed-wing,1T/S+,Medium,H,III,,15
ALO2,Helicopter,1T/S,Light,I,I,,15
ALO3,Helicopter,1T/S,Light,I,I,,15
ALPI,Fixed-wing,1P/S,Light,I,I,,15
ALSL,Fixed-wing,1P/S,Light,I,I,,15
ALTO,Fixed-wing,1P/S,Light,I,I,,15
AM3,Fixed-wing,1P/S,Light,I,I,,15
AMX*,Fixed-wing,1J/S+,Medium,H,III,,16
AN12,Fixed-wing,4T/L,Medium,F,III,,16
AN2,Fixed-wing,1P/S,Light,I,I,,16
AN22,Fixed-wing,4T/H,Heavy,D,III,,16
AN24,Fixed-wing,2T/L,Medium,F,III,,16
AN26,Fixed-wing,2T/L,Medium,F,III,,16
AN28,Fixed-wing,2T/S+,Light,I,III,,16
AN3,Fixed-wing,1T/S+,Light,I,III,,16
AN30,Fixed-wing,2T/L,Medium,F,III,,16
AN32,Fixed-wing,2T/L,Medium,F,III,,16
AN38,Fixed-wing,2T/S+,Medium,H,III,,16
AN70,Fixed-wing,4T/H,Medium,F,III,,16
AN72,Fixed-wing,2J/L,Medium,F,III,,16
AN8,Fixed-wing,2T/L,Medium,F,III,,16
ANDR,Fixed-wing,1P/S,Light,I,I,,16
ANGL,Fixed-wing,2P/S,Light,I,II,,16
ANSN,Fixed-wing,2P/S,Light,I,II,,16
ANST,Helicopter,2T/S,Light,I,I,,16
AP20,Fixed-wing,1P/S,Light,I,I,,16
AP22,Fixed-wing,1P/S,Light,I,I,,16
AP24,@Fixed-wing,1P/S,Light,I,I,,16
AP26,Fixed-wing,2P/S,Light,I,II,,16
AP28,Fixed-wing,2P/S,Light,I,II,,16
AP32,Fixed-wing,1P/S,Light,I,I,,16
AP36,Fixed-wing,2P/S,Light,I,II,,16
APM2,Fixed-wing,1P/S,Light,I,I,,16
APM3,Fixed-wing,1P/S,Light,I,I,,16
APM4,Fixed-wing,1P/S,Light,I,I,,16
APUP,Fixed-wing,1P/S,Light,I,I,,17
AR11,Fixed-wing,1P/S,Light,I,I,1,17
AR15,Fixed-wing,1P/S,Light,I,I,2,17
AR50,Fixed-wing,1P/S,Light,I,I,,17
AR5T,Fixed-wing,1P/S,Light,I,I,,17
AR65,Fixed-wing,1P/S,Light,I,I,,17
AR6T,Fixed-wing,1P/S,Light,I,I,,17
ARCE,Fixed-wing,1E/S,Light,I,I,,17
ARCP,Fixed-wing,1P/S,Light,I,I,,17
ARES*,Fixed-wing,1J/S,Light,I,III,,17
ARV1,Fixed-wing,1P/S,Light,I,I,,17
ARVA,Fixed-wing,2T/S+,Light,I,III,5,17
ARWF,Fixed-wing,1P/S,Light,I,I,,17
AS02,Fixed-wing,1P/S,Light,I,I,,17
AS14,Fixed-wing,1P/S,Light,I,I,,17
AS16,Fixed-wing,1P/S,Light,I,I,,17
AS20,Fixed-wing,1P/S,Light,I,I,,17
AS21,Fixed-wing,1P/S,Light,I,I,,17
AS22,Fixed-wing,1P/S,Light,I,I,,17
AS24,Fixed-wing,1P/S,Light,I,I,,17
AS25,Fixed-wing,1P/S,Light,I,I,,17
AS26,Fixed-wing,1P/S,Light,I,I,,17
AS28,Fixed-wing,1P/S,Light,I,I,,17
AS29,Fixed-wing,1P/S,Light,I,I,,17
AS2T,Fixed-wing,1T/S,Light,I,I,,17
AS30,Fixed-wing,1P/S,Light,I,I,,17
AS31,Fixed-wing,1P/S,Light,I,I,,17
AS32,Helicopter,2T/S+,Medium,H,I,,18
AS3B,Helicopter,2T/S+,Medium,H,I,,18
AS50,Helicopter,1T/S,Light,I,I,,18
AS55,Helicopter,2T/S,Light,I,I,,19
AS65,Helicopter,2T/S,Light,I,I,,19
AS80,Fixed-wing,1P/S,Light,I,I,,19
ASO4,Fixed-wing,1P/S,Light,I,I,,19
ASO5,Fixed-wing,1P/S,Light,I,I,,19
ASOX,Fixed-wing,1P/S,Light,I,I,,19
ASTO,Fixed-wing,1P/S,Light,I,I,,19
ASTR,Fixed-wing,2J/S+,Medium,H,III,7,19
AT1,Fixed-wing,1P/S,Light,I,I,,19
AT2P,Fixed-wing,1P/S,Light,I,I,,19
AT3*,Fixed-wing,2J/S+,Medium,H,III,,19
AT3P,Fixed-wing,1P/S,Light,I,I,1,19
AT3T,Fixed-wing,1T/S,Light,I,I,,19
AT43,Fixed-wing,2T/L,Medium,G,III,3,19
AT44,Fixed-wing,2T/L,Medium,G,III,3,19
AT45,Fixed-wing,2T/L,Medium,G,III,3,19
AT46,Fixed-wing,2T/L,Medium,G,III,3,19
AT5P,Fixed-wing,1P/S,Light,I,I,,19
AT5T,Fixed-wing,1T/S,Light,I,I,,20
AT6T,Fixed-wing,1T/S,Light,I,I,,20
AT72,Fixed-wing,2T/L,Medium,G,III,3,20
AT73,Fixed-wing,2T/L,Medium,G,III,3,20
AT75,Fixed-wing,2T/L,Medium,G,III,3,20
AT76,Fixed-wing,2T/L,Medium,G,III,3,20
AT8T,Fixed-wing,1T/S+,Light/Medium,H,III,,20
ATAC,Fixed-wing,1P/S,Light,I,I,,20
ATIS,Fixed-wing,1P/S,Light,I,I,,20
ATL,Fixed-wing,1P/S,Light,I,I,,20
ATLA,Fixed-wing,2T/L,Medium,F,III,,20
ATP,Fixed-wing,2T/L,Medium,F,III,6,20
ATTL,Fixed-wing,1P/S,Light,I,I,,20
AU11,Fixed-wing,1P/S,Light,I,I,,20
AUJ2,Fixed-wing,1P/S,Light,I,I,,20
AUJ4,Fixed-wing,1P/S,Light,I,I,,20
AURA,Fixed-wing,1P/S,Light,I,I,,20
AUS3,Fixed-wing,1P/S,Light,I,I,,20
AUS4,Fixed-wing,1P/S,Light,I,I,,20
AUS5,Fixed-wing,1P/S,Light,I,I,,20
AUS6,Fixed-wing,1P/S,Light,I,I,,20
AUS7,Fixed-wing,1P/S,Light,I,I,,20
AUS9,Fixed-wing,1P/S,Light,I,I,,20
AV68,Fixed-wing,1P/S,Light,I,I,,20
AVAM,@Fixed-wing,1P/S,Light,I,I,,20
AVID,Fixed-wing,1P/S,Light,I,I,,20
AVIN,Fixed-wing,1P/S,Light,I,I,,21
AVTR,@Fixed-wing,1P/S,Light,I,I,,21
B06,Helicopter,1T/S,Light,I,I,,21
B06T,Helicopter,2T/S,Light,I,I,,21
B1,Fixed-wing,4J/H,Heavy,D,III,,21
B103,@Fixed-wing,2P/S,Light,I,II,,21
B105,Helicopter,2T/S,Light,I,I,,21
B13,Fixed-wing,1P/S,Light,I,I,,21
B14A,Fixed-wing,1P/S,Light,I,I,1,21
B14B,Fixed-wing,1P/S,Light,I,I,,21
B14C,Fixed-wing,1P/S,Light,I,I,,21
B150,Helicopter,1T/S,Light,I,I,,21
B17,Fixed-wing,4P/L,Medium,F,III,,21
B18T,Fixed-wing,2T/S,Light,I,II,1,21
B190,Fixed-wing,2T/S+,Medium,H,III,7,21
B2,Fixed-wing,4J/H,Heavy,D,III,,22
B209,Fixed-wing,1P/S,Light,I,I,4,22
B212,Helicopter,2T/S,Light,I,I,,22
B214,Helicopter,1T/S+,Medium,H,I,,22
B222,Helicopter,2T/S,Light,I,I,,22
B23,Fixed-wing,2P/L,Medium,F,III,,22
B230,Helicopter,2T/S,Light,I,I,,22
B23E,Fixed-wing,1E/S,Light,I,I,,22
B24,Fixed-wing,4P/L,Medium,F,III,,22
B25,Fixed-wing,2P/L,Medium,G,III,,22
B26,Fixed-wing,2P/L,Medium,G,III,,22
B26M,Fixed-wing,2P/S+,Medium,H,III,,22
B29,Fixed-wing,4P/L,Medium,F,III,,22
B305,Helicopter,1P/S,Light,I,I,,22
B350,Fixed-wing,2T/S+,Light/Medium,H,III,7,22
B360,Fixed-wing,1P/S,Light,I,I,,22
B36T,Fixed-wing,1T/S,Light,I,I,1,22
B37M,Fixed-wing,2J/L,Medium,F,III,7,22
B38M,Fixed-wing,2J/L,Medium,F,III,8,22
B39M,Fixed-wing,2J/L,Medium,F,III,8,22
B3XM,Fixed-wing,2J/L,Medium,F,III,,22
B407,Helicopter,1T/S,Light,I,I,,23
B412,Helicopter,2T/S,Light,I,I,,23
B427,Helicopter,2T/S,Light,I,I,,23
B429,Helicopter,2T/S,Light,I,I,,23
B430,Helicopter,2T/S,Light,I,I,,23
B461,Fixed-wing,4J/L,Medium,G,III,7,23
B462,Fixed-wing,4J/L,Medium,G,III,7,23
B463,Fixed-wing,4J/L,Medium,G,III,7,23
B47G,Helicopter,1P/S,Light,I,I,,23
B47J,Helicopter,1P/S,Light,I,I,,23
B47T,Helicopter,1T/S,Light,I,I,,23
B505,Helicopter,1T/S,Light,I,I,,23
B52,Fixed-wing,8J/H,Heavy,D,III,,23
B525,Helicopter,2T/S+,Medium,H,I,,23
B58T,Fixed-wing,2P/S,Light,I,II,6,23
B60,Fixed-wing,1P/S,Light,I,I,,23
B609,Powered-lift,2T/S+,Medium,H,II,,23
B60T,Fixed-wing,2T/S,Light,I,II,,23
B701,Fixed-wing,4J/L,Medium,F,III,9,23
B703,Fixed-wing,4J/H,Heavy,D,III,9,23
B712,Fixed-wing,2J/L,Medium,F,III,7,23
B720,Fixed-wing,4J/L,Medium,F,III,9,23
B721,Fixed-wing,3J/L,Medium,F,III,7,24
B722,Fixed-wing,3J/L,Medium,F,III,7,24
B732,Fixed-wing,2J/L,Medium,F,III,7,24
B733,Fixed-wing,2J/L,Medium,F,III,7,24
B734,Fixed-wing,2J/L,Medium,F,III,8,24
B735,Fixed-wing,2J/L,Medium,F,III,7,24
B736,Fixed-wing,2J/L,Medium,F,III,7,24
B737,Fixed-wing,2J/L,Medium,F,III,8,24
B738,Fixed-wing,2J/L,Medium,F,III,8,24
B739,Fixed-wing,2J/L,Medium,F,III,8,24
B741,Fixed-wing,4J/H,Heavy,D,III,10,24
B742,Fixed-wing,4J/H,Heavy,B,III,10,24
B743,Fixed-wing,4J/H,Heavy,D,III,10,24
B744,Fixed-wing,4J/H,Heavy,B,III,10,24
B748,Fixed-wing,4J/H,Heavy,B,III,8,24
B74R,Fixed-wing,4J/H,Heavy,D,III,10,24
B74S,Fixed-wing,4J/H,Heavy,D,III,9,24
B752,Fixed-wing,2J/L,Medium,E,III,7,24
B753,Fixed-wing,2J/L,Medium,E,III,8,24
B762,Fixed-wing,2J/H,Heavy,C,III,9,24
B763,Fixed-wing,2J/H,Heavy,C,III,9,24
B764,Fixed-wing,2J/H,Heavy,C,III,9,24
B772,Fixed-wing,2J/H,Heavy,B,III,9,24
B773,Fixed-wing,2J/H,Heavy,B,III,9,24
B778,Fixed-wing,2J/H,Heavy,D,III,,24
B779,Fixed-wing,2J/H,Heavy,D,III,,24
B77L,Fixed-wing,2J/H,Heavy,B,III,7,24
B77W,Fixed-wing,2J/H,Heavy,B,III,7,24
B788,Fixed-wing,2J/H,Heavy,B,III,7,24
B789,Fixed-wing,2J/H,Heavy,B,III,7,24
B78X,Fixed-wing,2J/H,Heavy,D,III,8,24
BA11,Fixed-wing,2J/L,Medium,F,III,7,24
BABY,Helicopter,1P/S,Light,I,I,,24
BARC,Fixed-wing,1P/S,Light,I,I,,24
BASS,Fixed-wing,2P/S,Light,I,II,8,24
BBAT,Fixed-wing,1P/S,Light,I,I,,24
BBIR,Fixed-wing,1P/S,Light,I,I,,24
BCA3,Fixed-wing,1P/S,Light,I,I,,24
BCAT,Fixed-wing,1P/S+,Light,I,III,,25
BCS1,Fixed-wing,2J/L,Medium,F,III,7,25
BCS3,Fixed-wing,2J/L,Medium,F,III,7,25
BD10*,Fixed-wing,1J/S,Light,I,III,,25
BD17,Fixed-wing,1P/S,Light,I,I,,25
BD4,Fixed-wing,1P/S,Light,I,I,,25
BD5,Fixed-wing,1P/S,Light,I,I,,25
BD5J,Fixed-wing,1J/S,Light,I,III,,25
BD5T,Fixed-wing,1T/S,Light,I,I,,25
BDOG,Fixed-wing,1P/S,Light,I,I,,25
BE10,Fixed-wing,2T/S,Light,I,II,7,25
BE12,@Fixed-wing,2T/L,Medium,F,III,,25
BE17,Fixed-wing,1P/S,Light,I,I,2,25
BE18,Fixed-wing,2P/S,Light,I,II,4,25
BE19,Fixed-wing,1P/S,Light,I,I,1,25
BE20,Fixed-wing,2T/S+,Light/Medium,I,III,7,26
BE22,Fixed-wing,1T/S,Light,I,I,,26
BE23,Fixed-wing,1P/S,Light,I,I,2,26
BE24,Fixed-wing,1P/S,Light,I,I,3,26
BE30,Fixed-wing,2T/S+,Light,I,III,6,26
BE32,Fixed-wing,2T/S+,Medium,H,III,,26
BE33,Fixed-wing,1P/S,Light,I,I,4,26
BE35,Fixed-wing,1P/S,Light,I,I,3,26
BE36,Fixed-wing,1P/S,Light,I,I,2,26
BE40,Fixed-wing,2J/S+,Medium,H,III,8,26
BE4W,Fixed-wing,2J/S+,Medium,H,III,8,27
BE50,Fixed-wing,2P/S,Light,I,II,4,27
BE55,Fixed-wing,2P/S,Light,I,II,6,27
BE56,Fixed-wing,2P/S,Light,I,II,2,27
BE58,Fixed-wing,2P/S,Light,I,II,6,27
BE60,Fixed-wing,2P/S,Light,I,II,8,27
BE65,Fixed-wing,2P/S,Light,I,II,5,27
BE70,Fixed-wing,2P/S,Light,I,II,1,27
BE76,Fixed-wing,2P/S,Light,I,II,4,27
BE77,Fixed-wing,1P/S,Light,I,I,1,27
BE80,Fixed-wing,2P/S,Light,I,II,5,27
BE88,Fixed-wing,2P/S,Light,I,II,5,27
BE95,Fixed-wing,2P/S,Light,I,II,5,27
BE99,Fixed-wing,2T/S,Light,I,II,5,27
BE9L,Fixed-wing,2T/S,Light,I,II,5,27
BE9T,Fixed-wing,2T/S,Light,I,II,7,27
BEAR,Fixed-wing,1P/S,Light,I,I,,27
BELF,Fixed-wing,4T/L,Medium,F,III,,27
BER2,@Fixed-wing,2J/L,Medium,F,III,,27
BER4,@Fixed-wing,2J/L,Medium,F,III,,27
BETA,Fixed-wing,1P/S,Light,I,I,,27
BEVR,Fixed-wing,1P/S,Light,I,I,,27
BF19,Fixed-wing,1P/S,Light,I,I,,28
BFIT,Fixed-wing,1P/S,Light,I,I,,28
BILO,Fixed-wing,1P/S,Light,I,I,,28
BIPL,Fixed-wing,1P/S,Light,I,I,,28
BIRD,Fixed-wing,1P/S,Light,I,I,,28
BISC,Fixed-wing,1P/S,Light,I,I,,28
BK17,Helicopter,2T/S,Light,I,I,,28
BKUT,Fixed-wing,1P/S,Light,I,I,,28
BL11,Fixed-wing,1P/S,Light,I,I,,28
BL17,Fixed-wing,1P/S,Light,I,I,1,28
BL19,Fixed-wing,1P/S,Light,I,I,,28
BL8,Fixed-wing,1P/S,Light,I,I,2,28
BLBU,Fixed-wing,1P/S,Light,I,I,,28
BLCF,Fixed-wing,4J/H,Heavy,D,III,,28
BLEN,Fixed-wing,2P/S+,Light,I,III,,28
BLKS,Fixed-wing,1P/S,Light,I,I,,28
BM6,Fixed-wing,1P/S,Light,I,I,,28
BMAN,Fixed-wing,1P/S,Light,I,I,,28
BN2P,Fixed-wing,2P/S,Light,I,II,1,28
BN2T,Fixed-wing,2T/S,Light,I,II,1,29
BO40,Fixed-wing,1P/S,Light,I,I,,29
BOLT,Fixed-wing,1P/S,Light,I,I,,29
BOOM,Fixed-wing,2P/S,Light,I,II,,29
BPAT,Fixed-wing,1P/S,Light,I,I,,29
BPUM,Fixed-wing,1P/S,Light,I,I,,29
BR14,Fixed-wing,1P/S,Light,I,I,,29
BR23,Fixed-wing,1P/S,Light,I,I,,29
BR54,Gyroplane,1P/S,Light,I,I,,29
BR60,Fixed-wing,1P/S,Light,I,I,,29
BR61,Fixed-wing,1P/S,Light,I,I,,29
BR8,Fixed-wing,1P/S,Light,I,I,,29
BRAV,Fixed-wing,1P/S,Light,I,I,,29
BRB2,Helicopter,1P/S,Light,I,I,,29
BREZ,Fixed-wing,1P/S,Light,I,I,,29
BROU,Fixed-wing,1P/S,Light,I,I,,29
BS60,Fixed-wing,2T/S,Light,I,II,,29
BSTP,Helicopter,2T/S+,Medium,H,I,,29
BT36,Fixed-wing,1P/S,Light,I,I,3,29
BT7*,Fixed-wing,1J/S,Medium,I,III,,29
BTUB,Fixed-wing,1P/S,Light,I,I,,29
BU20,Fixed-wing,3P/S,Light,I,III,2,29
BU31,Fixed-wing,1P/S,Light,I,I,,29
BU33,Fixed-wing,1P/S,Light,I,I,,29
BU81,Fixed-wing,1P/S,Light,I,I,,30
BUC*,Fixed-wing,2J/L,Medium,G,III,,30
BUCA,@Fixed-wing,1P/S,Light,I,I,,30
BUSH,Fixed-wing,1P/S,Light,I,I,,30
BW60,Fixed-wing,1P/S,Light,I,I,,30
BW6T,Fixed-wing,1P/S,Light,I,I,,30
BX2,Fixed-wing,1P/S,Light,I,I,,30
C02T,Fixed-wing,2T/S,Light,I,II,6,30
C04T,Fixed-wing,2T/S,Light,I,II,4,30
C06T,Fixed-wing,1T/S,Light,I,I,2,30
C07T,Fixed-wing,1T/S,Light,I,I,2,30
C1,Fixed-wing,2J/L,Medium,F,III,,30
C101*,Fixed-wing,1J/S+,Light,I,III,,30
C10T,Fixed-wing,1T/S,Light,I,I,2,30
C119,Fixed-wing,2P/L,Medium,F,III,5,30
C120,Fixed-wing,1P/S,Light,I,I,1,30
C123,Fixed-wing,2P/L,Medium,F,III,,30
C130,Fixed-wing,4T/L,Medium,F,III,,31
C135,Fixed-wing,4J/H,Heavy,D,III,,31
C140,Fixed-wing,1P/S,Light,I,I,3,31
C14T,Fixed-wing,2T/S,Light,I,II,5,31
C15,Fixed-wing,4J/L,Medium,F,III,,31
C150,Fixed-wing,1P/S,Light,I,I,1,31
C152,Fixed-wing,1P/S,Light,I,I,1,31
C160,Fixed-wing,2T/L,Medium,F,III,,31
C162,Fixed-wing,1P/S,Light,I,I,2,31
C17,Fixed-wing,4J/H,Heavy,C,III,,31
C170,Fixed-wing,1P/S,Light,I,I,4,31
C172,Fixed-wing,1P/S,Light,I,I,1,32
C175,Fixed-wing,1P/S,Light,I,I,2,32
C177,Fixed-wing,1P/S,Light,I,I,2,32
C180,Fixed-wing,1P/S,Light,I,I,2,32
C182,Fixed-wing,1P/S,Light,I,I,2,32
C185,Fixed-wing,1P/S,Light,I,I,2,32
C188,Fixed-wing,1P/S,Light,I,I,1,32
C190,Fixed-wing,1P/S,Light,I,I,2,32
C195,Fixed-wing,1P/S,Light,I,I,2,32
C2,Fixed-wing,2T/L,Medium,G,III,,32
C205,Fixed-wing,1P/S,Light,I,I,3,32
C206,Fixed-wing,1P/S,Light,I,I,2,32
C207,Fixed-wing,1P/S,Light,I,I,2,33
C208,Fixed-wing,1T/S,Light,I,I,3,33
C210,Fixed-wing,1P/S,Light,I,I,2,33
C212,Fixed-wing,2T/S+,Medium,H,III,5,33
C21T,Fixed-wing,2T/S,Light,I,II,5,33
C22J,Fixed-wing,2J/S,Light,I,III,,33
C240,Fixed-wing,1P/S,Light,I,I,7,33
C25A,Fixed-wing,2J/S,Light,I,III,7,33
C25B,Fixed-wing,2J/S+,Light,I,III,7,33
C25C,Fixed-wing,2J/S+,Medium,H,III,7,33
C25M,Fixed-wing,2J/S,Light,I,III,6,33
C270,Fixed-wing,1P/S,Light,I,I,,33
C27J,Fixed-wing,2T/L,Medium,F,III,,33
C295,Fixed-wing,2T/L,Medium,G,III,,33
C303,Fixed-wing,2P/S,Light,I,II,2,33
C306,Fixed-wing,1P/S,Light,I,I,,33
C309,Fixed-wing,1P/S,Light,I,I,,33
C30J,Fixed-wing,4T/L,Medium,F,III,,33
C310,Fixed-wing,2P/S,Light,I,II,4,34
C311,Fixed-wing,1P/S,Light,I,I,,34
C320,Fixed-wing,2P/S,Light,I,II,5,34
C335,Fixed-wing,2P/S,Light,I,II,4,34
C336,Fixed-wing,2P/S,Light,I,II,3,34
C337,Fixed-wing,2P/S,Light,I,II,3,34
C340,Fixed-wing,2P/S,Light,I,II,4,34
C365,Fixed-wing,1T/S,Light,I,I,,34
C402,Fixed-wing,2P/S,Light,I,II,3,34
C404,Fixed-wing,2P/S,Light,I,II,5,34
C408,Fixed-wing,2T/S+,Light,I,II,7,34
C411,Fixed-wing,2P/S,Light,I,II,4,34
C414,Fixed-wing,2P/S,Light,I,II,6,34
C42,Fixed-wing,1P/S,Light,I,I,,34
C421,Fixed-wing,2P/S,Light,I,II,6,34
C425,Fixed-wing,2T/S,Light,I,II,5,34
C441,Fixed-wing,2T/S,Light,I,II,6,34
C46,Fixed-wing,2P/L,Medium,F,III,,34
C500,Fixed-wing,2J/S,Light,I,III,6,34
C501,Fixed-wing,2J/S,Light,I,III,6,34
C510,Fixed-wing,2J/S,Light,I,III,5,34
C525,Fixed-wing,2J/S,Light,I,III,7,34
C550,Fixed-wing,2J/S+,Light,I,III,7,35
C551,Fixed-wing,2J/S+,Light,I,III,5,35
C55B,Fixed-wing,2J/S+,Light,I,III,7,35
C560,Fixed-wing,2J/S+,Medium,H,III,8,35
C56X,Fixed-wing,2J/S+,Medium,H,III,7,35
C5M,Fixed-wing,4J/H,Heavy,B,III,,35
C650,Fixed-wing,2J/S+,Medium,H,III,8,35
C680,Fixed-wing,2J/S+,Medium,H,III,6,35
C68A,Fixed-wing,2J/S+,Medium,H,III,6,35
C700,Fixed-wing,2J/S+,Medium,H,III,7,35
C72R,Fixed-wing,1P/S,Light,I,I,1,35
C750,Fixed-wing,2J/S+,Medium,H,III,9,35
C77R,Fixed-wing,1P/S,Light,I,I,2,35
C82,Fixed-wing,2P/L,Medium,F,III,,35
C82R,Fixed-wing,1P/S,Light,I,I,2,35
C82S,Fixed-wing,1P/S,Light,I,I,2,35
C82T,Fixed-wing,1P/S,Light,I,I,1,35
C919,Fixed-wing,2J/L,Medium,F,III,,35
C97,Fixed-wing,4P/L,Medium,F,III,,35
CA12,Fixed-wing,1T/S,Light,I,I,,35
CA19,Fixed-wing,1P/S,Light,I,I,,35
CA1P,Fixed-wing,1P/S,Light,I,I,,35
CA1T,Fixed-wing,1T/S,Light,I,I,,35
CA25,Fixed-wing,1P/S,Light,I,I,,35
CA3,Fixed-wing,1P/S,Light,I,I,,35
CA4,Fixed-wing,1P/S,Light,I,I,,35
CA41,Fixed-wing,1P/S,Light,I,I,,35
CA6,Fixed-wing,1P/S,Light,I,I,,35
CA61,Fixed-wing,1P/S,Light,I,I,,35
CA65,Fixed-wing,1P/S,Light,I,I,,35
CA7P,Fixed-wing,1P/S,Light,I,I,,35
CA7T,Fixed-wing,1T/S,Light,I,I,,35
CA8,Fixed-wing,1T/S,Light,I,I,,35
CA9,Fixed-wing,1T/S,Light,I,I,,35
CABI,Fixed-wing,1T/S,Light,I,I,,35
CABN,Fixed-wing,1P/S,Light,I,I,,35
CAD2,Fixed-wing,1P/S,Light,I,I,,36
CAD4,Fixed-wing,1P/S,Light,I,I,,36
CAML,Fixed-wing,1P/S,Light,I,I,,36
CAMP,Fixed-wing,1P/S,Light,I,I,,36
CAN4,Fixed-wing,1P/S,Light,I,I,,36
CAPL,Fixed-wing,1P/S,Light,I,I,,36
CAR,Fixed-wing,1P/S,Light,I,I,,36
CARV,Fixed-wing,4P/L,Medium,F,III,,36
CASS,Fixed-wing,1P/S,Light,I,I,,36
CAT,@Fixed-wing,2P/S+,Medium,H,III,7,36
CAT1,Fixed-wing,1P/S,Light,I,I,,36
CAT2,Fixed-wing,2P/S,Light,I,II,,36
CAW,Fixed-wing,1P/S,Light,I,I,,36
CB1,Fixed-wing,1P/S,Light,I,I,,36
CC11,Fixed-wing,1P/S,Light,I,I,,36
CC19,Fixed-wing,1P/S,Light,I,I,,36
CD2,@Fixed-wing,2T/S,Light,I,II,,36
CDC6,Fixed-wing,1P/S,Light,I,I,,36
CDUS,Gyroplane,1P/S,Light,I,I,,36
CDW1,Fixed-wing,1P/S,Light,I,I,,36
CE15,$Fixed-wing,1P/S,Light,I,I,,36
CE22,@Fixed-wing,2P/S,Light,I,II,,36
CE23,@Fixed-wing,1P/S,Light,I,I,,36
CE25,@Fixed-wing,2P/S,Light,I,II,,36
CE27,@Fixed-wing,2P/S,Light,I,II,,36
CE43,Fixed-wing,1P/S,Light,I,I,,36
CEL5,Fixed-wing,1P/S,Light,I,I,,36
CELR,Fixed-wing,1P/S,Light,I,I,,36
CENT,Fixed-wing,1P/S,Light,I,I,,37
CFRE,@Fixed-wing,1P/S,Light,I,I,,37
CG3,Fixed-wing,1P/S,Light,I,I,,37
CGAN,$Fixed-wing,1P/S,Light,I,I,,37
CH1,Fixed-wing,1T/S,Light,I,I,,37
CH10,Fixed-wing,1P/S,Light,I,I,,37
CH12,Helicopter,1P/S,Light,I,I,,37
CH14,Helicopter,1T/S,Light,I,I,,37
CH15,Fixed-wing,1P/S,Light,I,I,,37
CH18,Fixed-wing,1P/S,Light,I,I,,37
CH20,Fixed-wing,1P/S,Light,I,I,,37
CH25,Fixed-wing,1P/S,Light,I,I,,37
CH2T,Fixed-wing,1P/S,Light,I,I,,37
CH3,Fixed-wing,1P/S,Light,I,I,,37
CH30,Fixed-wing,1P/S,Light,I,I,,37
CH40,Fixed-wing,2P/S,Light,I,II,,37
CH50,Fixed-wing,1P/S,Light,I,I,,37
CH60,Fixed-wing,1P/S,Light,I,I,,37
CH62,Fixed-wing,2P/S,Light,I,II,,37
CH64,Fixed-wing,1P/S,Light,I,I,,37
CH65,Fixed-wing,1P/S,Light,I,I,,37
CH7,Helicopter,1P/S,Light,I,I,,37
CH70,Fixed-wing,1P/S,Light,I,I,,37
CH75,Fixed-wing,1P/S,Light,I,I,,37
CH7A,Fixed-wing,1P/S,Light,I,I,1,38
CH7B,Fixed-wing,1P/S,Light,I,I,1,38
CH80,Fixed-wing,1P/S,Light,I,I,,38
CHAN,Fixed-wing,1P/S,Light,I,I,,38
CHCS,Fixed-wing,1P/S,Light,I,I,,38
CHIC,Fixed-wing,1P/S,Light,I,I,,38
CHIF,Helicopter,1P/S,Light,I,I,,38
CHIN,Fixed-wing,1P/S,Light,I,I,,38
CHIP,Fixed-wing,1P/S,Light,I,I,,38
CHR1,Fixed-wing,1P/S,Light,I,I,,38
CHR4,Fixed-wing,1P/S,Light,I,I,,38
CHSY,Gyroplane,1P/S,Light,I,I,,38
CICA,Fixed-wing,2P/S,Light,I,II,,38
CJ1,Fixed-wing,1P/S,Light,I,I,,38
CJ6,Fixed-wing,1P/S,Light,I,I,,38
CKUO*,Fixed-wing,2J/S+,Medium,H,III,,38
CL2P,@Fixed-wing,2P/L,Medium,F,III,,38
CL2T,@Fixed-wing,2T/L,Medium,F,III,,38
CL30,Fixed-wing,2J/S+,Medium,H,III,7,38
CL35,Fixed-wing,2J/S+,Medium,H,III,7,38
CL41*,Fixed-wing,1J/S,Light,I,III,,38
CL4G,Fixed-wing,4T/L,Medium,F,III,,38
CL60,Fixed-wing,2J/L,Medium,G,III,8,39
CLA,Fixed-wing,1P/S,Light,I,I,,39
CLB1,Fixed-wing,1P/S,Light,I,I,,39
CLBR,Fixed-wing,1P/S,Light,I,I,,39
CLD2,Gyroplane,1P/S,Light,I,I,,39
CLDS,Fixed-wing,1P/S,Light,I,I,,39
CLON,Gyroplane,1P/S,Light,I,I,,39
CMA3,Fixed-wing,1P/S,Light,I,I,,39
CMAS,Fixed-wing,1P/S,Light,I,I,,39
CMD1,Gyroplane,1P/S,Light,I,I,,39
CMDE,Gyroplane,1P/S,Light,I,I,,39
CMDT,Gyroplane,1P/S,Light,I,I,,39
CN12,Fixed-wing,1P/S,Light,I,I,,39
CN35,Fixed-wing,2T/S+,Medium,H,III,,39
CNBR*,Fixed-wing,2J/L,Medium,G,III,,39
CNDR,Fixed-wing,2T/S,Light,I,II,,39
CNUK,Fixed-wing,1P/S,Light,I,I,,39
CO50,Fixed-wing,1P/S,Light,I,I,,39
COAR,Fixed-wing,1P/S,Light,I,I,,39
COBR,Fixed-wing,1P/S,Light,I,I,,39
COL3,Fixed-wing,1P/S,Light,I,I,6,39
COL4,Fixed-wing,1P/S,Light,I,I,6,39
COLT,Fixed-wing,1P/S,Light,I,I,,40
COMU,Helicopter,1P/S,Light,I,I,,40
CONI,Fixed-wing,4P/L,Medium,F,III,9,40
COOT,@Fixed-wing,1P/S,Light,I,I,,40
CORO,Fixed-wing,1P/S,Light,I,I,,40
CORR,Fixed-wing,1P/S,Light,I,I,,40
CORS,Fixed-wing,1P/S+,Medium,H,III,,40
CORV,Fixed-wing,2P/S,Light,I,II,,40
COUG,Fixed-wing,1P/S,Light,I,I,,40
COUR,Fixed-wing,1P/S,Light,I,I,1,40
COY2,Fixed-wing,1P/S,Light,I,I,,40
COZJ,Fixed-wing,1J/S,Light,I,III,,40
COZY,Fixed-wing,1P/S,Light,I,I,,40
CP10,Fixed-wing,1P/S,Light,I,I,4,40
CP13,Fixed-wing,1P/S,Light,I,I,,40
CP20,Fixed-wing,1P/S,Light,I,I,4,40
CP21,Fixed-wing,1P/S,Light,I,I,,40
CP22,Fixed-wing,1P/S,Light,I,I,,40
CP23,Fixed-wing,1P/S,Light,I,I,,40
CP30,Fixed-wing,1P/S,Light,I,I,,41
CP32,Fixed-wing,1P/S,Light,I,I,,41
CP60,Fixed-wing,1P/S,Light,I,I,,41
CP65,Fixed-wing,1P/S,Light,I,I,,41
CP75,Fixed-wing,1P/S,Light,I,I,,41
CP80,Fixed-wing,1P/S,Light,I,I,,41
CP90,Fixed-wing,1P/S,Light,I,I,,41
CPNA,Fixed-wing,1P/S,Light,I,I,,41
CPUP,Fixed-wing,1P/S,Light,I,I,,41
CR10,Fixed-wing,1P/S,Light,I,I,,41
CRBN,Fixed-wing,1P/S,Light,I,I,,41
CRER,Fixed-wing,1P/S,Light,I,I,,41
CRES,Fixed-wing,1T/S,Light,I,I,,41
CRIO,@Fixed-wing,1P/S,Light,I,I,,41
CRJ1,Fixed-wing,2J/L,Medium,G,III,7,41
CRJ2,Fixed-wing,2J/L,Medium,G,III,7,41
CRJ7,Fixed-wing,2J/L,Medium,G,III,7,41
CRJ9,Fixed-wing,2J/L,Medium,G,III,8,42
CRJX,Fixed-wing,2J/L,Medium,G,III,8,42
CRUZ,Fixed-wing,1P/S,Light,I,I,,42
CT4,Fixed-wing,1P/S,Light,I,I,,42
CTAH,Fixed-wing,1P/S,Light,I,I,,42
CTLN,@Fixed-wing,1P/S,Light,I,I,,42
CUB2,Fixed-wing,1P/S,Light,I,I,,42
CUCA,Fixed-wing,1P/S,Light,I,I,,42
CUDA,Fixed-wing,1P/S,Light,I,I,,42
CULP,Fixed-wing,1P/S,Light,I,I,,42
CULV,Fixed-wing,1P/S,Light,I,I,,42
CULX,Fixed-wing,2P/S,Light,I,II,,42
CVLP,Fixed-wing,2P/L,Medium,F,III,7,42
CVLT,Fixed-wing,2T/L,Medium,F,III,7,42
CX5,Fixed-wing,1P/S,Light,I,I,,42
CX30,Fixed-wing,1E/S,,I,I,,42
CYGT,Fixed-wing,1P/S,Light,I,I,,42
D1,Fixed-wing,2P/S,Light,I,II,,42
D11,Fixed-wing,1P/S,Light,I,I,,43
D139,Fixed-wing,1P/S,Light,I,I,,43
D140,Fixed-wing,1P/S,Light,I,I,,43
D150,Fixed-wing,1P/S,Light,I,I,,43
D18,Fixed-wing,1P/S,Light,I,I,,43
D201,Fixed-wing,1P/S,Light,I,I,,43
D21,Fixed-wing,1P/S,Light,I,I,,43
D228,Fixed-wing,2T/S+,Light,I,III,2,43
D25,Fixed-wing,1P/S,Light,I,I,,43
D250,Fixed-wing,1P/S,Light,I,I,,43
D253,Fixed-wing,1P/S,Light,I,I,,43
D28D,Fixed-wing,2P/S,Light,I,II,1,43
D28T,Fixed-wing,2T/S,Light,I,II,1,44
D31,Fixed-wing,1P/S,Light,I,I,,44
D328,Fixed-wing,2T/S+,Medium,H,III,7,44
D39,Fixed-wing,1P/S,Light,I,I,,44
D4,Fixed-wing,1P/S,Light,I,I,,44
D5,Fixed-wing,1P/S,Light,I,I,,44
D5TU,Fixed-wing,1P/S,Light,I,I,,44
D6,Fixed-wing,1P/S,Light,I,I,,44
D6CR,Fixed-wing,1P/S,Light,I,I,,44
D7,Fixed-wing,1P/S,Light,I,I,,44
D8,Fixed-wing,1P/S,Light,I,I,,44
DA2,Fixed-wing,1P/S,Light,I,I,,44
DA36,Fixed-wing,1E/S,Light,I,I,,44
DA40,Fixed-wing,1P/S,Light,I,I,4,44
DA42,Fixed-wing,2P/S,Light,I,II,4,44
DA5,Fixed-wing,1P/S,Light,I,I,,44
DA50,Fixed-wing,1P/S,Light,I,I,,44
DA62,Fixed-wing,2P/S,Light,I,II,,44
DAHU,Fixed-wing,1P/S,Light,I,I,,44
DAKH,Fixed-wing,1P/S,Light,I,I,,44
DAL1,Fixed-wing,1P/S,Light,I,I,,44
DAL4,Fixed-wing,1P/S,Light,I,I,,44
DAL5,Fixed-wing,1P/S,Light,I,I,,44
DART,Fixed-wing,1P/S,Light,I,I,,44
DC10,Fixed-wing,3J/H,Heavy,C,III,9,44
DC2,Fixed-wing,2P/S+,Medium,H,III,,44
DC3,Fixed-wing,2P/S+,Medium,H,III,,45
DC3S,Fixed-wing,2P/S+,Medium,H,III,8,45
DC3T,Fixed-wing,2T/S+,Medium,H,III,,45
DC4,Fixed-wing,4P/L,Medium,F,III,7,45
DC6,Fixed-wing,4P/L,Medium,F,III,7,45
DC7,Fixed-wing,4P/L,Medium,F,III,8,45
DC85,Fixed-wing,4J/H,Heavy,D,III,9,45
DC86,Fixed-wing,4J/H,Heavy,D,III,,45
DC87,Fixed-wing,4J/H,Heavy,D,III,9,45
DC91,Fixed-wing,2J/L,Medium,G,III,8,45
DC92,Fixed-wing,2J/L,Medium,F,III,8,45
DC93,Fixed-wing,2J/L,Medium,F,III,8,45
DC94,Fixed-wing,2J/L,Medium,F,III,8,45
DC95,Fixed-wing,2J/L,Medium,F,III,8,45
DEAG,Gyroplane,1P/S,Light,I,I,,45
DEFI,Fixed-wing,2P/S,Light,I,II,,46
DELF,Fixed-wing,1P/S,Light,I,I,,46
DFL6,Fixed-wing,1P/S,Light,I,I,,46
DFLY,Fixed-wing,1P/S,Light,I,I,,46
DG15,Fixed-wing,1P/S,Light,I,I,,46
DG1T,Fixed-wing,1P/S,Light,I,I,,46
DG40,Fixed-wing,1P/S,Light,I,I,,46
DG50,Fixed-wing,1P/S,Light,I,I,,46
DG60,Fixed-wing,1P/S,Light,I,I,,46
DG80,Fixed-wing,1P/S,Light,I,I,,46
DH2T,Fixed-wing,1T/S,Light,I,I,2,46
DH3T,Fixed-wing,1T/S,Light,I,I,,46
DH4T,Fixed-wing,2T/S+,Medium,H,III,,46
DH60,Fixed-wing,1P/S,Light,I,I,,46
DH80,Fixed-wing,1P/S,Light,I,I,,46
DH82,Fixed-wing,1P/S,Light,I,I,,46
DH83,Fixed-wing,1P/S,Light,I,I,,46
DH84,Fixed-wing,2P/S,Light,I,II,,46
DH85,Fixed-wing,1P/S,Light,I,I,,46
DH87,Fixed-wing,1P/S,Light,I,I,,46
DH88,Fixed-wing,2P/S,Light,I,II,,46
DH89,Fixed-wing,2P/S,Light,I,II,,46
DH8A,Fixed-wing,2T/L,Medium,G,III,4,46
DH8B,Fixed-wing,2T/L,Medium,G,III,4,46
DH8C,Fixed-wing,2T/L,Medium,G,III,5,46
DH8D,Fixed-wing,2T/L,Medium,F,III,6,46
DH90,Fixed-wing,2P/S,Light,I,II,,46
DH94,Fixed-wing,1P/S,Light,I,I,,46
DHA3,Fixed-wing,3P/S,Light,I,III,,46
DHC1,Fixed-wing,1P/S,Light,I,I,1,46
DHC2,Fixed-wing,1P/S,Light,I,I,2,46
DHC3,Fixed-wing,1P/S,Light,I,I,1,46
DHC4,Fixed-wing,2P/S+,Medium,H,III,5,47
DHC5,Fixed-wing,2T/L,Medium,F,III,1,47
DHC6,Fixed-wing,2T/S,Light,I,II,4,47
DHC7,Fixed-wing,4T/L,Medium,F,III,2,47
DIES,Fixed-wing,1P/S,Light,I,I,,47
DIMO,Fixed-wing,1P/S,Light,I,I,,47
DISC,Fixed-wing,1P/S,Light,I,I,,47
DJET,Fixed-wing,1J/S,Light,I,III,,47
DJIN,Helicopter,1T/S,Light,I,I,,47
DLH2,Fixed-wing,1E/S,Light,I,I,,47
DNGO,@Fixed-wing,1T/S,Light,I,I,,47
DO27,Fixed-wing,1P/S,Light,I,I,1,47
DO28,Fixed-wing,2P/S,Light,I,II,,47
DOCX,Fixed-wing,1P/S,Light,I,I,,47
DON,Fixed-wing,1P/S,Light,I,I,,47
DOVE,Fixed-wing,2P/S,Light,I,II,4,47
DR1,Fixed-wing,1P/S,Light,I,I,,47
DR10,Fixed-wing,1P/S,Light,I,I,,47
DR22,Fixed-wing,1P/S,Light,I,I,,47
DR30,Fixed-wing,1P/S,Light,I,I,,48
DR40,Fixed-wing,1P/S,Light,I,I,,48
DRAG,Helicopter,1P/S,Light,I,I,,48
DRIF,Fixed-wing,1P/S,Light,I,I,,48
DRTG,Fixed-wing,1P/S,Light,I,I,,48
DSA1,Fixed-wing,1P/S,Light,I,I,,48
DSK,Fixed-wing,1P/S,Light,I,I,,48
DSLK,Fixed-wing,1P/S,Light,I,I,,48
DT45,Fixed-wing,1T/S,Light,I,I,,48
DTA1,Fixed-wing,1P/S,Light,I,I,,48
DTA2,Fixed-wing,1P/S,Light,I,I,,48
DUB2,Fixed-wing,1P/S,Light,I,I,,48
DUCE,Fixed-wing,1P/S,Light,I,I,,48
DUOD,Fixed-wing,1P/S,Light,I,I,,48
DUR5,Fixed-wing,1P/S,Light,I,I,,48
DV1,Fixed-wing,1P/S,Light,I,I,,48
DV2,Fixed-wing,1P/S,Light,I,I,,48
DV20,Fixed-wing,1P/S,Light,I,I,2,48
DW1,Fixed-wing,1P/S,Light,I,I,,48
DWD2,Fixed-wing,1P/S,Light,I,I,,49
DYH2,Helicopter,1P/S,Light,I,I,,49
E110,Fixed-wing,2T/S+,Light,I,III,7,49
E120,Fixed-wing,2T/S+,Medium,H,III,7,49
E121,Fixed-wing,2T/S,Light,I,II,,49
E135,Fixed-wing,2J/L,Medium,G,III,7,49
E145,Fixed-wing,2J/L,Medium,G,III,7,49
E170,Fixed-wing,2J/L,Medium,G,III,7,49
E190,Fixed-wing,2J/L,Medium,F,III,7,49
E195,Fixed-wing,2J/L,Medium,F,III,,49
E2,Fixed-wing,2T/L,Medium,G,III,,49
E200,Fixed-wing,1P/S,Light,I,I,,49
E230,Fixed-wing,1P/S,Light,I,I,,49
E290,Fixed-wing,2J/L,Medium,F,III,,49
E295,Fixed-wing,2J/L,Medium,F,III,,50
E29E,Fixed-wing,1E/S,Light,I,I,,50
E2CB,Fixed-wing,1P/S,Light,I,I,,50
E300,Fixed-wing,1P/S,Light,I,I,,50
E314,Fixed-wing,1T/S,Light,I,I,,50
E350,Fixed-wing,1T/S,Light,I,I,,50
E35L,Fixed-wing,2J/L,Medium,G,III,7,50
E390,Fixed-wing,2J/L,Medium,F,III,,50
E3CF,Fixed-wing,4J/H,Heavy,D,III,,50
E3TF,Fixed-wing,4J/H,Heavy,D,III,,50
E400,Fixed-wing,1P/S,Light,I,I,,50
E45X,Fixed-wing,2J/L,Medium,G,III,7,50
E500,Fixed-wing,1T/S,Light,I,I,,50
E50P,Fixed-wing,2J/S,Light,I,III,7,50
E530*,Fixed-wing,2J/S+,Medium,H,III,,50
E545,Fixed-wing,2J/S+,Medium,H,III,6,50
E550,Fixed-wing,2J/S+,Medium,H,III,6,50
E55P,Fixed-wing,2J/S+,Medium,H,III,6,50
E6,Fixed-wing,4J/H,Heavy,D,III,,50
E737,Fixed-wing,2J/L,Medium,F,III,,50
E75L,Fixed-wing,2J/L,Medium,G,III,6,50
E75S,Fixed-wing,2J/L,Medium,G,III,6,50
E767,Fixed-wing,2J/H,Heavy,D,III,,50
EA40,Fixed-wing,1J/S,Light,I,III,,50
EA50,Fixed-wing,2J/S,Light,I,III,4,50
EAEA,Fixed-wing,1P/S,Light,I,I,,50
EAGL,Fixed-wing,1P/S,Light,I,I,,50
EAGT,Fixed-wing,1P/S,Light,I,I,,50
EAGX,Fixed-wing,1P/S,Light,I,I,,50
EB29,Fixed-wing,1P/S,Light,I,I,,50
EBOY,Fixed-wing,1P/S,Light,I,I,,50
EC20,Helicopter,1T/S,Light,I,I,,51
EC25,Helicopter,2T/S+,Medium,H,I,,51
EC30,Helicopter,1T/S,Light,I,I,,51
EC35,Helicopter,2T/S,Light,I,I,,51
EC45,Helicopter,2T/S,Light,I,I,,51
EC55,Helicopter,2T/S,Light,I,I,,51
EC6,Fixed-wing,1P/S,Light,I,I,,51
EC75,Helicopter,2T/S+,Medium,I,I,,51
ECHO,Fixed-wing,1P/S,Light,I,I,,51
EDGE,Fixed-wing,1P/S,Light,I,I,,51
EDGT,Fixed-wing,1P/S,Light,I,I,,51
EF2,Fixed-wing,1E/S,Light,I,I,,51
EFAN,Fixed-wing,2E/S,Light,I,II,,51
EFOX,Fixed-wing,1P/S,Light,I,I,,51
EFUS,Fixed-wing,1E/S,Light,I,I,,51
EGL3,Helicopter,1T/S,Light,I,I,,51
EGRT,Fixed-wing,1T/S,Light,I,I,,51
EH10,Helicopter,3T/S+,Medium,H,I,,52
EL10,Gyroplane,1P/S,Light,I,I,,52
EL20,Fixed-wing,1P/S,Light,I,I,,52
ELA7,Gyroplane,1P/S,Light,I,I,,52
ELF,Fixed-wing,1P/S,Light,I,I,,52
ELIT,Fixed-wing,2J/S,Light,I,III,,52
ELPS,Fixed-wing,1P/S,Light,I,I,,52
ELSP,Fixed-wing,1P/S,Light,I,I,,52
ELST,Fixed-wing,1P/S,Light,I,I,,52
ELTO,Helicopter,1P/S,Light,I,I,,52
ELTR,Fixed-wing,1P/S,Light,I,I,,52
EM10,Fixed-wing,1J/S,Light,I,III,,52
EM11,Fixed-wing,2P/S,Light,I,II,,52
EN28,Helicopter,1P/S,Light,I,I,,52
EN48,Helicopter,1T/S,Light,I,I,,52
EP9,Fixed-wing,1P/S,Light,I,I,,52
EPER,Fixed-wing,1P/S,Light,I,I,,52
EPIC,Fixed-wing,1T/S,Light,I,I,,52
EPX1,Fixed-wing,1P/S,Light,I,I,,52
ERAC,Fixed-wing,1P/S,Light,I,I,,52
ERCO,Fixed-wing,1P/S,Light,I,I,2,52
ES11,Helicopter,1T/S,Light,I,I,,52
ES13,Fixed-wing,1P/S,Light,I,I,,52
ESCA,Fixed-wing,1T/S,Light,I,I,,52
ESCP,Fixed-wing,1P/S,Light,I,I,,53
ETA,Fixed-wing,1P/S,Light,I,I,,53
ETAR*,Fixed-wing,1J/S+,Medium,H,III,,53
EUFI*,Fixed-wing,2J/L,Medium,G,III,,53
EUPA,Fixed-wing,1P/S,Light,I,I,,53
EURT,Fixed-wing,1P/S,Light,I,I,,53
EV55,Fixed-wing,2T/S,Light,I,II,,53
EV97,Fixed-wing,1P/S,Light,I,I,,53
EVAN,Fixed-wing,2P/S,Light,I,II,,53
EVIC,Fixed-wing,1J/S,Light,I,III,,53
EVOP,Fixed-wing,1P/S,Light,I,I,,53
EVOT,Fixed-wing,1T/S,Light,I,I,,53
EVSS,Fixed-wing,1P/S,Light,I,I,,53
EX5T,Fixed-wing,1T/S,Light,I,I,,53
EXEC,Helicopter,1P/S,Light,I,I,,53
EXEJ,Helicopter,1T/S,Light,I,I,,53
EXNG,Fixed-wing,1P/S,Light,I,I,,53
EXPL,Helicopter,2T/S,Light,I,I,,53
EXPR,Fixed-wing,1P/S,Light,I,I,,53
EZFL,Fixed-wing,1P/S,Light,I,I,,53
EZFT,Fixed-wing,2P/S,Light,I,II,,53
EZHV,Fixed-wing,1P/S,Light,I,I,,53
EZKC,Fixed-wing,1P/S,Light,I,I,,53
F1*,Fixed-wing,2J/S+,Medium,H,III,,53
F100,Fixed-wing,2J/L,Medium,F,III,7,53
F104*,Fixed-wing,1J/S+,Medium,H,III,,53
F117*,Fixed-wing,2J/L,Medium,G,III,,53
F13,Fixed-wing,1P/S,Light,I,I,,54
F14*,Fixed-wing,2J/L,Medium,G,III,,54
F15*,Fixed-wing,2J/L,Medium,G,III,,54
F156,Fixed-wing,1P/S,Light,I,I,,54
F16*,Fixed-wing,1J/L,Medium,G,III,,54
F18H*,Fixed-wing,2J/L,Medium,G,III,,54
F18S*,Fixed-wing,2J/L,Medium,G,III,,54
F1FV,Fixed-wing,1P/S,Light,I,I,,54
F2*,Fixed-wing,1J/L,Medium,G,III,,54
F22*,Fixed-wing,2J/L,Medium,G,III,,54
F260,Fixed-wing,1P/S,Light,I,I,,55
F26T,Fixed-wing,1T/S,Light,I,I,3,55
F27,Fixed-wing,2T/L,Medium,F,III,5,55
F28,Fixed-wing,2J/L,Medium,G,III,7,55
F2TH,Fixed-wing,2J/S+,Medium,H,III,8,55
F30,Fixed-wing,1P/S,Light,I,I,,55
F35*,Fixed-wing,1J/L,Medium,G,III,,55
F3F,Fixed-wing,1P/S,Light,I,I,,55
F4*,Fixed-wing,2J/L,Medium,G,III,,55
F402,Fixed-wing,1T/S,Light,I,I,,55
F406,Fixed-wing,2T/S,Light,I,II,6,55
F41E,Fixed-wing,2P/S,Light,I,II,,55
F421,Fixed-wing,1T/S,Light,I,I,,55
F5*,Fixed-wing,2J/S+,Medium,H,III,,56
F50,Fixed-wing,2T/L,Medium,F,III,3,56
F5SA*,Fixed-wing,2J/S+,Medium,H,III,,56
F60,Fixed-wing,2T/L,Medium,F,III,,56
F600,Fixed-wing,2T/S,Light,I,II,4,56
F70,Fixed-wing,2J/L,Medium,F,III,,56
F8*,Fixed-wing,1J/S+,Medium,H,III,,56
F86*,Fixed-wing,1J/L,Medium,G,III,,56
F8L,Fixed-wing,1P/S,Light,I,I,,56
F900,Fixed-wing,3J/L,Medium,G,III,8,56
F9F*,Fixed-wing,1J/S+,Medium,I,III,,56
FA01,Fixed-wing,1P/S,Light,I,I,,56
FA02,Fixed-wing,1P/S,Light,I,I,,56
FA03,Fixed-wing,1P/S,Light,I,I,,56
FA04,Fixed-wing,1P/S,Light,I,I,,56
FA10,Fixed-wing,2J/S+,Medium,H,III,8,56
FA11,Fixed-wing,1P/S,Light,I,I,,56
FA20,Fixed-wing,2J/S+,Medium,H,III,7,56
FA24,Fixed-wing,1P/S,Light,I,I,,56
FA50,Fixed-wing,3J/S+,Medium,H,III,8,56
FA62,Fixed-wing,1P/S,Light,I,I,,57
FA6X,Fixed-wing,2J/L,Medium,G,III,,57
FA7X,Fixed-wing,3J/L,Medium,G,III,4,57
FA8X,Fixed-wing,3J/L,Medium,G,III,,57
FAET,Fixed-wing,1P/S,Light,I,I,,57
FALC,Fixed-wing,1P/S,Light,I,I,,57
FALM,Fixed-wing,1P/S,Light,I,I,,57
FANL,Fixed-wing,1P/S,Light,I,I,,57
FANT,Fixed-wing,1T/S,Light,I,I,,57
FB1A,Fixed-wing,1P/S,Light,I,I,,57
FB1B,Fixed-wing,1P/S,Light,I,I,,57
FB5,Fixed-wing,1P/S,Light,I,I,,57
FBA2,Fixed-wing,1P/S,Light,I,I,,57
FC1*,Fixed-wing,1J/S+,Medium,H,III,,57
FD2E,Fixed-wing,1E/S,Light,I,I,,57
FDCT,Fixed-wing,1P/S,Light,I,I,,57
FDF2,Fixed-wing,1P/S,Light,I,I,,57
FDMC,Fixed-wing,1P/S,Light,I,I,,57
FE51,Fixed-wing,1P/S,Light,I,I,,57
FEST,Fixed-wing,1P/S,Light,I,I,,57
FFLY,Fixed-wing,1P/S+,Light,I,III,,57
FG01,Fixed-wing,1P/S,Light,I,I,,57
FGT,Fixed-wing,1P/S,Light,I,I,,57
FH11,Helicopter,1T/S,Light,I,I,,57
FIBO,Fixed-wing,1P/S,Light,I,I,,57
FIKD,Fixed-wing,1P/S,Light,I,I,,57
FIKE,Fixed-wing,1P/S,Light,I,I,,57
FINC,Fixed-wing,1P/S,Light,I,I,,57
FJ10,Fixed-wing,2J/S,Light,I,III,,57
FJR3,Fixed-wing,1P/S,Light,I,I,,57
FK12,Fixed-wing,1P/S,Light,I,I,,57
FK14,Fixed-wing,1P/S,Light,I,I,,57
FK9,Fixed-wing,1P/S,Light,I,I,,57
FL3,Fixed-wing,1P/S,Light,I,I,,57
FL53,Fixed-wing,1P/S,Light,I,I,,57
FL54,Fixed-wing,1P/S,Light,I,I,,57
FL55,Fixed-wing,1P/S,Light,I,I,,57
FLAM,Fixed-wing,2P/S+,Light,I,III,,57
FLE2,Fixed-wing,1P/S,Light,I,I,,58
FLE7,Fixed-wing,1P/S,Light,I,I,,58
FLIZ,Fixed-wing,1P/S,Light,I,I,,58
FLSH,Fixed-wing,1P/S,Light,I,I,,58
FLSS,Fixed-wing,1P/S,Light,I,I,,58
FM25,Fixed-wing,1P/S,Light,I,I,,58
FMGO,Fixed-wing,1P/S,Light,I,I,,58
FN33,@Fixed-wing,1P/S,Light,I,I,,58
FNKB,Fixed-wing,1P/S,Light,I,I,,58
FOOF,Fixed-wing,1P/S,Light,I,I,,58
FORT,Fixed-wing,1P/S,Light,I,I,,58
FOUG*,Fixed-wing,2J/S,Light,I,III,,58
FOX,Fixed-wing,1P/S,Light,I,I,,58
FOXT,Fixed-wing,1P/S,Light,I,I,,58
FREE,Fixed-wing,1P/S,Light,I,I,,58
FREL,Helicopter,3T/S+,Medium,H,I,,58
FRNT,Fixed-wing,1P/S,Light,I,I,,58
FRON,Fixed-wing,1P/S,Light,I,I,,58
FS51,Fixed-wing,1P/S,Light,I,I,,58
FT30,Fixed-wing,1P/S,Light,I,I,,58
FU24,Fixed-wing,1P/S,Light,I,I,,58
FURY,Fixed-wing,1P/S+,Light,I,III,,58
FUSI,Fixed-wing,1P/S,Light,I,I,,58
FW02,@Fixed-wing,1P/S,Light,I,I,,58
FW44,Fixed-wing,1P/S,Light,I,I,,58
FW90,Fixed-wing,1P/S,Light,I,I,,59
FWSB,@Fixed-wing,1P/S,Light,I,I,,59
FX1,Fixed-wing,1P/S,Light,I,I,,59
G1,Fixed-wing,1P/S,Light,I,I,,59
G103,Fixed-wing,1P/S,Light,I,I,,59
G109,Fixed-wing,1P/S,Light,I,I,2,59
G115,Fixed-wing,1P/S,Light,I,I,,59
G120,Fixed-wing,1P/S,Light,I,I,,59
G12T,Fixed-wing,1T/S,Light,I,I,,59
G140,Fixed-wing,1T/S,Light,I,I,,59
G150,Fixed-wing,2J/S+,Medium,H,III,4,59
G159,Fixed-wing,2T/S+,Medium,H,III,7,59
G15T,Fixed-wing,1P/S,Light,I,I,,59
G160,Fixed-wing,1T/S,Light,I,I,,59
G164,Fixed-wing,1P/S,Light,I,I,1,59
G180,Fixed-wing,1P/S,Light,I,I,,59
G200,Fixed-wing,1P/S,Light,I,I,,59
G202,Fixed-wing,1P/S,Light,I,I,,59
G21,@Fixed-wing,2P/S,Light,I,II,,59
G21M,@Fixed-wing,4P/S,Light,I,III,,59
G21T,@Fixed-wing,2T/S,Light,I,II,,59
G222,Fixed-wing,2T/L,Medium,F,III,,59
G250,Fixed-wing,2J/S+,Medium,H,III,,59
G280,Fixed-wing,2J/S+,Medium,H,III,7,59
G2CA,Helicopter,1P/S,Light,I,I,,59
G2GL*,Fixed-wing,1J/S,Light,I,III,,59
G2T1,Fixed-wing,1P/S,Light,I,I,,60
G3,Fixed-wing,1P/S,Light,I,I,,60
G44,@Fixed-wing,2P/S,Light,I,II,5,60
G46,Fixed-wing,1P/S,Light,I,I,,60
G4SG*,Fixed-wing,1J/S+,Light,I,III,,60
G59,Fixed-wing,1P/S,Light,I,I,,60
G64T,Fixed-wing,1T/S,Light,I,I,1,60
G70,Fixed-wing,1P/S,Light,I,I,,60
G73,@Fixed-wing,2P/S+,Light,I,III,6,60
G73T,@Fixed-wing,2T/S+,Light,I,III,,60
G800,Fixed-wing,1P/S,Light,I,I,,60
G91,Fixed-wing,1J/S,Light,I,III,,60
G96,Fixed-wing,2P/S+,Medium,H,III,,60
G97,Fixed-wing,1P/S,Light,I,I,,60
GA10,Fixed-wing,1T/S,Light,I,I,,60
GA20,Fixed-wing,1P/S,Light,I,I,,60
GA4C,Fixed-wing,2J/L,Medium,G,III,,60
GA5C,Fixed-wing,2J/L,Medium,F,III,7,60
GA6C,Fixed-wing,2J/L,Medium,F,III,7,60
GA7,Fixed-wing,2P/S,Light,I,II,1,60
GA7C,Fixed-wing,2J/L,Medium,F,III,,60
GA8,Fixed-wing,1P/S,Light,I,I,,60
GA8C,Fixed-wing,2J/L,Medium,F,III,,60
GABR,Fixed-wing,1P/S,Light,I,I,,60
GALX,Fixed-wing,2J/S+,Medium,H,III,5,60
GAUN,Fixed-wing,1P/S,Light,I,I,,60
GAVI,Fixed-wing,1P/S,Light,I,I,,60
GAZL,Helicopter,1T/S,Light,I,I,,60
GB1,Fixed-wing,1P/S,Light,I,I,,60
GBSP,Fixed-wing,1P/S,Light,I,I,,61
GC1,Fixed-wing,1P/S,Light,I,I,2,61
GDUK,@Fixed-wing,2P/S,Light,I,II,,61
GEMI,Fixed-wing,2P/S,Light,I,II,,61
GENI,Fixed-wing,1E/S,Light,I,I,,61
GEPE,Fixed-wing,1P/S,Light,I,I,,61
GL5T,Fixed-wing,2J/L,Medium,F,III,7,61
GL7T,Fixed-wing,2J/L,Medium,F,III,7,61
GLAD,Fixed-wing,1P/S,Light,I,I,,61
GLAS,Fixed-wing,1P/S,Light,I,I,,61
GLEX,Fixed-wing,2J/L,Medium,F,III,7,61
GLF2,Fixed-wing,2J/L,Medium,G,III,8,61
GLF3,Fixed-wing,2J/L,Medium,G,III,8,61
GLF4,Fixed-wing,2J/L,Medium,G,III,8,61
GLF5,Fixed-wing,2J/L,Medium,F,III,7,62
GLF6,Fixed-wing,2J/L,Medium,F,III,8,62
GLSP,Fixed-wing,1P/S,Light,I,I,,62
GLST,Fixed-wing,1P/S,Light,I,I,,62
GLTU,Fixed-wing,1T/S,Light,I,I,,62
GM17,Fixed-wing,1T/S,Light,I,I,,62
GMGC,Fixed-wing,1P/S,Light,I,I,,62
GNAT*,Fixed-wing,1J/S,Light,I,III,,62
GOBU,Gyroplane,1P/S,Light,I,I,,62
GOLF,Fixed-wing,1P/S,Light,I,I,,62
GOOS,@Fixed-wing,1P/S,Light,I,I,,62
GP1,Fixed-wing,1P/S,Light,I,I,,62
GP3,@Fixed-wing,1P/S,Light,I,I,,62
GP4,Fixed-wing,1P/S,Light,I,I,,62
GPRO,Fixed-wing,1P/S,Light,I,I,,62
GR51,Fixed-wing,1T/S,Light,I,I,,62
GRFN,Fixed-wing,1P/S,Light,I,I,,62
GRIF,Fixed-wing,1P/S,Light,I,I,,62
GRIZ,Fixed-wing,1T/S,Light,I,I,,62
GSIS,Fixed-wing,1P/S,Light,I,I,,62
GSPN,Fixed-wing,2J/S+,Light,I,III,,62
GUEP,Fixed-wing,1P/S,Light,I,I,,62
GURI,Fixed-wing,1P/S,Light,I,I,,62
GX,Fixed-wing,1P/S,Light,I,I,,62
GY10,Fixed-wing,1P/S,Light,I,I,,62
GY20,Fixed-wing,1P/S,Light,I,I,,62
GY30,Fixed-wing,1P/S,Light,I,I,,62
GY80,Fixed-wing,1P/S,Light,I,I,,62
H111,Fixed-wing,2P/S+,Medium,H,III,,62
H12T,Helicopter,1T/S,Light,I,I,,62
H160,Helicopter,2T/S+,Light,I,I,,62
H2,Helicopter,2T/S+,Light,I,I,,63
H202,Fixed-wing,1P/S,Light,I,I,,63
H207,Fixed-wing,1P/S,Light,I,I,,63
H21,Helicopter,1P/S+,Light,I,I,,63
H25A,Fixed-wing,2J/S+,Medium,H,III,6,63
H25B,Fixed-wing,2J/S+,Medium,H,III,7,63
H25C,Fixed-wing,2J/S+,Medium,H,III,7,63
H269,Helicopter,1P/S,Light,I,I,,63
H40,Fixed-wing,1P/S,Light,I,I,,63
H43A,Helicopter,1P/S,Light,I,I,,63
H43B,Helicopter,1T/S,Light,I,I,,63
H46,Helicopter,2T/S+,Medium,H,I,,64
H47,Helicopter,2T/L,Medium,G,I,,64
H500,Helicopter,1T/S,Light,I,I,,64
H53,Helicopter,2T/L,Medium,G,I,,65
H53S,Helicopter,3T/L,Medium,G,I,,65
H60,Helicopter,2T/S+,Medium,H,I,,65
H64,Helicopter,2T/S+,Medium,H,I,,65
HA2,Gyroplane,1P/S,Light,I,I,,65
HA31,Fixed-wing,1P/S,Light,I,I,,65
HA4T,Fixed-wing,2J/S+,Medium,H,III,7,65
HAHU,Fixed-wing,1P/S,Light,I,I,,65
HAR*,Fixed-wing,1J/L,Medium,G,III,,66
HAW3,Gyroplane,1P/S,Light,I,I,,66
HAWK*,Fixed-wing,1J/S+,Light/Medium,H,III,,66
HB21,Fixed-wing,1P/S,Light,I,I,,66
HB23,Fixed-wing,1P/S,Light,I,I,,66
HB3,Fixed-wing,1P/S,Light,I,I,,66
HCAT,Fixed-wing,1P/S+,Light,I,III,,66
HD34,Fixed-wing,2P/S+,Medium,H,III,,66
HDJT,Fixed-wing,2J/S,Light,I,III,4,66
HEAD,Fixed-wing,1P/S,Light,I,I,,66
HERN,Fixed-wing,4P/S+,Light,I,III,8,66
HF20,Fixed-wing,2J/S+,Medium,H,III,7,66
HI27,Fixed-wing,1P/S,Light,I,I,,66
HIGH,Fixed-wing,1P/S,Light,I,I,,66
HIND,Fixed-wing,1P/S,Light,I,I,,66
HL2,Fixed-wing,1P/S,Light,I,I,,66
HLD4,Fixed-wing,1P/S,Light,I,I,,66
HM38,Fixed-wing,1P/S,Light,I,I,,66
HN70,Fixed-wing,1P/S,Light,I,I,,66
HORN,Fixed-wing,1P/S,Light,I,I,,66
HORZ,Fixed-wing,1P/S,Light,I,I,,66
HR10,Fixed-wing,1P/S,Light,I,I,,66
HR20,Fixed-wing,1P/S,Light,I,I,,66
HRNT,Fixed-wing,1P/S,Light,I,I,,66
HROC,Fixed-wing,1P/S,Light,I,I,,66
HSMT,Helicopter,1P/S,Light,I,I,,67
HT16*,Fixed-wing,1J/S,Light,I,III,,67
HT2,Fixed-wing,1P/S,Light,I,I,,67
HT36*,Fixed-wing,1J/S,Light,I,III,,67
HT40,Fixed-wing,1T/S,Light,I,I,,67
HU1,Fixed-wing,1P/S,Light,I,I,,67
HU2,Fixed-wing,1P/S,Light,I,I,,67
HUCO,Helicopter,1T/S,Light,I,I,,67
HUML,Fixed-wing,1P/S,Light,I,I,,67
HUNT*,Fixed-wing,1J/S+,Medium,H,III,,67
HURI,Fixed-wing,1P/S,Light,I,I,,67
HURK,Fixed-wing,1T/S,Light,I,I,,67
HUSK,Fixed-wing,1P/S,Light,I,I,,67
HW4P,Gyroplane,1P/S,Light,I,I,,67
HW4T,Gyroplane,1T/S,Light,I,I,,67
HX2,Helicopter,1T/S,Light,I,I,,67
HYPR,Fixed-wing,1P/S,Light,I,I,,67
I103,Fixed-wing,1P/S,Light,I,I,,67
I114,Fixed-wing,2T/L,Medium,F,III,,67
I115,Fixed-wing,1P/S,Light,I,I,,67
I11B,Fixed-wing,1P/S,Light,I,I,,67
I153,Fixed-wing,1P/S,Light,I,I,,67
I15B,Fixed-wing,1P/S,Light,I,I,,67
I16,Fixed-wing,1P/S,Light,I,I,,67
I22*,Fixed-wing,1J/S+,Medium,H,III,,67
I23,Fixed-wing,1P/S,Light,I,I,,67
I3,Fixed-wing,1P/S,Light,I,I,,67
I66,Fixed-wing,1P/S,Light,I,I,,67
IA46,Fixed-wing,1P/S,Light,I,I,,67
IA58,Fixed-wing,2T/S+,Light,I,III,,67
IA63*,Fixed-wing,1J/S,Light,I,III,,67
IFUR,Fixed-wing,1P/S,Light,I,I,,67
IL14,Fixed-wing,2P/S+,Medium,H,III,,67
IL18,Fixed-wing,4T/L,Medium,F,III,,67
IL28,Fixed-wing,2J/L,Medium,G,III,,67
IL38,Fixed-wing,4T/L,Medium,F,III,,67
IL62,Fixed-wing,4J/H,Heavy,D,III,,67
IL76,Fixed-wing,4J/H,Heavy,D,III,,68
IL86,Fixed-wing,4J/H,Heavy,D,III,,68
IL96,Fixed-wing,4J/H,Heavy,D,III,,68
IMPU,Fixed-wing,1P/S,Light,I,I,,68
INCQ,Fixed-wing,1P/S,Light,I,I,,68
INEC,Fixed-wing,1P/S,Light,I,I,,68
INEX,Fixed-wing,1P/S,Light,I,I,,68
INTG,Fixed-wing,1P/S,Light,I,I,,68
ION,Fixed-wing,1P/S,Light,I,I,,68
IP06,Fixed-wing,1P/S,Light,I,I,,68
IP10,Fixed-wing,1P/S,Light,I,I,,68
IP26,Fixed-wing,1P/S,Light,I,I,,68
IP6A,Fixed-wing,1P/S,Light,I,I,,68
IPAN,Fixed-wing,1P/S,Light,I,I,,68
IR22,Fixed-wing,1P/S,Light,I,I,,68
IR23,Fixed-wing,1P/S,Light,I,I,,68
IR24,Fixed-wing,1P/S,Light,I,I,,68
IR25,Fixed-wing,1T/S,Light,I,I,,68
IR27,Fixed-wing,1P/S,Light,I,I,,68
IR28,Fixed-wing,1P/S,Light,I,I,,68
IR46,Fixed-wing,1P/S,Light,I,I,,68
IR99*,Fixed-wing,1J/S,Light,I,III,,68
IRBS,Fixed-wing,1P/S,Light,I,I,,68
IS2,Helicopter,1P/S,Light,I,I,,68
IS28,Fixed-wing,1P/S,Light,I,I,,68
ISAT,Fixed-wing,1P/S,Light,I,I,,68
ISPT,Fixed-wing,1P/S,Light,I,I,,68
J1,Fixed-wing,1P/S,Light,I,I,,68
J10*,Fixed-wing,1J/S+,Medium,H,III,,68
J177,Fixed-wing,1P/S,Light,I,I,,68
J2,Fixed-wing,1P/S,Light,I,I,1,68
J20*,Fixed-wing,2J/L,Medium,G,III,,68
J3,Fixed-wing,1P/S,Light,I,I,1,69
J300,Fixed-wing,1P/S,Light,I,I,,69
J328,Fixed-wing,2J/S+,Medium,H,III,6,69
J4,Fixed-wing,1P/S,Light,I,I,1,69
J400,Fixed-wing,1P/S,Light,I,I,,69
J40E,Fixed-wing,1E/S,Light,I,I,,69
J4B2,Gyroplane,1P/S,Light,I,I,,69
J5,Fixed-wing,1P/S,Light,I,I,1,69
J600,Fixed-wing,1P/S,Light,I,I,,69
J8A*,Fixed-wing,2J/S+,Medium,H,III,,69
J8B*,Fixed-wing,2J/S+,Medium,H,III,,69
JAB2,Fixed-wing,1P/S,Light,I,I,,69
JAB4,Fixed-wing,1P/S,Light,I,I,,69
JABI,Fixed-wing,1P/S,Light,I,I,,69
JACE,Fixed-wing,1P/S,Light,I,I,,69
JAG2,Helicopter,1T/S,Light,I,I,,69
JAGR*,Fixed-wing,2J/S+,Medium,H,III,,70
JAJ5,Fixed-wing,1P/S,Light,I,I,,70
JAJ6,Fixed-wing,1P/S,Light,I,I,,70
JANU,Fixed-wing,1P/S,Light,I,I,,70
JARO,Fixed-wing,1P/S,Light,I,I,,70
JAS4,Powered-lift,6E/S,Light,I,III,,70
JAST*,Fixed-wing,1J/S,Light,I,III,,70
JB15,Fixed-wing,1P/S,Light,I,I,,70
JC01,Fixed-wing,1P/S,Light,I,I,,70
JC02,Fixed-wing,1P/S,Light,I,I,,70
JCOM,Fixed-wing,2J/S+,Medium,H,III,9,70
JCRU,Fixed-wing,1T/S,Light,I,I,,70
JD2,Fixed-wing,1P/S,Light,I,I,,70
JDOE,Fixed-wing,1P/S,Light,I,I,,70
JE2,Gyroplane,1P/S,Light,I,I,,70
JFOX,Fixed-wing,1P/S,Light,I,I,,70
JH7*,Fixed-wing,2J/L,Medium,G,III,,70
JK05,Fixed-wing,1P/S,Light,I,I,,70
JL9*,Fixed-wing,1J/S+,Medium,H,III,,70
JN76,Fixed-wing,1P/S,Light,I,I,,70
JPM1,Fixed-wing,1P/S,Light,I,I,,70
JPRO*,Fixed-wing,1J/S,Light,I,III,,70
JRC1,Fixed-wing,1P/S,Light,I,I,,70
JS1J,Fixed-wing,1J/S,Light,I,III,,70
JS2J,Fixed-wing,1J/S,Light,I,III,,70
JS2P,Fixed-wing,1P/S,Light,I,I,,70
JS3,Fixed-wing,2T/S,Light,I,II,,70
JS31,Fixed-wing,2T/S+,Light/Medium,H,III,5,70
JS32,Fixed-wing,2T/S+,Medium,H,III,5,70
JS3E,Fixed-wing,1E/S,Light,I,I,,70
JS3J,Fixed-wing,1J/S,Light,I,III,,70
JS41,Fixed-wing,2T/S+,Medium,H,III,7,70
JSX,Fixed-wing,1J/S,Light,I,III,,70
JT2,Fixed-wing,1P/S,Light,I,I,,70
JU52,Fixed-wing,3P/S+,Medium,H,III,,71
JUN1,Fixed-wing,1P/S,Light,I,I,,71
JUN2,Fixed-wing,1P/S,Light,I,I,,71
JUNR,Fixed-wing,1P/S,Light,I,I,,71
JUPI,Fixed-wing,1P/S,Light,I,I,,71
K100,Fixed-wing,1T/S,Light,I,I,1,71
K126,Helicopter,1T/S,Light,I,I,,71
K209,Helicopter,1T/S,Light,I,I,,71
K226,Helicopter,2T/S,Light,I,I,,71
K35E,Fixed-wing,4J/H,Heavy,D,III,,71
K35R,Fixed-wing,4J/H,Heavy,C,III,,71
K50*,Fixed-wing,1J/S+,Medium,H,III,,71
K51,Fixed-wing,1P/S,Light,I,I,,71
K8*,Fixed-wing,1J/S,Light,I,III,,71
K900,Fixed-wing,1T/S,Light,I,I,,71
KA25,Helicopter,2T/S+,Medium,H,I,,71
KA26,Helicopter,2P/S,Light,I,I,,71
KA27,Helicopter,2T/S+,Medium,H,I,,71
KA50,Helicopter,2T/S+,Medium,H,I,,71
KA52,Helicopter,2T/S+,Medium,H,I,,71
KA62,Helicopter,2T/S+,Light,I,I,,71
KAK1,Fixed-wing,1P/S,Light,I,I,,71
KAK3,Fixed-wing,1P/S,Light,I,I,,71
KAT3,Fixed-wing,1T/S,Light,I,I,,71
KATB,Fixed-wing,2P/S,Light,I,II,,71
KATR,Fixed-wing,1P/S,Light,I,I,,71
KC2,Fixed-wing,2J/H,Heavy,C,III,,71
KE3,Fixed-wing,4J/H,Heavy,D,III,,71
KEHA,Fixed-wing,1P/S,Light,I,I,,71
KELA,Fixed-wing,1P/S,Light,I,I,,71
KELD,Fixed-wing,1P/S,Light,I,I,,71
KERO,Fixed-wing,1P/S,Light,I,I,,71
KEST,Fixed-wing,1T/S,Light,I,I,,71
KFAB,Fixed-wing,1P/S,Light,I,I,,71
KFAS,Fixed-wing,1P/S,Light,I,I,,71
KFIR*,Fixed-wing,1J/S+,Medium,H,III,,71
KFIS,@Fixed-wing,1P/S,Light,I,I,,72
KH4,Helicopter,1P/S,Light,I,I,,72
KIS2,Fixed-wing,1P/S,Light,I,I,,72
KIS4,Fixed-wing,1P/S,Light,I,I,,72
KITH,Fixed-wing,1P/S,Light,I,I,,72
KITI,Fixed-wing,1P/S,Light,I,I,,72
KIWI,Fixed-wing,1P/S,Light,I,I,,72
KK60,Fixed-wing,1P/S,Light,I,I,,72
KL07,Fixed-wing,1P/S,Light,I,I,,72
KL10,Fixed-wing,1P/S,Light,I,I,,72
KL25,Fixed-wing,1P/S,Light,I,I,,72
KL35,Fixed-wing,1P/S,Light,I,I,,72
KLBR,Fixed-wing,1P/S,Light,I,I,,72
KM2,Fixed-wing,1P/S,Light,I,I,,72
KMAX,Helicopter,1T/S,Light,I,I,,72
KNTW,Fixed-wing,1P/S,Light,I,I,,72
KOLL,Fixed-wing,1P/S,Light,I,I,,72
KP2,Fixed-wing,1P/S,Light,I,I,,72
KP5,Fixed-wing,1P/S,Light,I,I,,72
KR1,Fixed-wing,1P/S,Light,I,I,,72
KR2,Fixed-wing,1P/S,Light,I,I,,72
KR21,Fixed-wing,1P/S,Light,I,I,,72
KR30,Fixed-wing,1P/S,Light,I,I,,72
KR31,Fixed-wing,1P/S,Light,I,I,,72
KR34,Fixed-wing,1P/S,Light,I,I,,72
KRAG,Fixed-wing,1P/S,Light,I,I,,72
KRAH,Fixed-wing,1P/S,Light,I,I,,72
KRIC,Fixed-wing,1P/S,Light,I,I,,72
KSTK,Fixed-wing,2P/S,Light,I,II,,72
KT1,Fixed-wing,1T/S,Light,I,I,,72
KTOO,Fixed-wing,1P/S,Light,I,I,,72
KZ2,Fixed-wing,1P/S,Light,I,I,,72
KZ3,Fixed-wing,1P/S,Light,I,I,,72
KZ4,Fixed-wing,2P/S,Light,I,II,,73
KZ7,Fixed-wing,1P/S,Light,I,I,,73
KZ8,Fixed-wing,1P/S,Light,I,I,,73
L10,Fixed-wing,2P/S,Light,I,II,,73
L101,Fixed-wing,3J/H,Heavy,D,III,9,73
L11,Fixed-wing,1P/S,Light,I,I,,73
L11E,Fixed-wing,1P/S,Light,I,I,,73
L12,Fixed-wing,2P/S,Light,I,II,,73
L13,Fixed-wing,1P/S,Light,I,I,,73
L13M,Fixed-wing,1P/S,Light,I,I,,73
L13S,Fixed-wing,1P/S,Light,I,I,,73
L14,Fixed-wing,2P/S+,Medium,H,III,,73
L15*,Fixed-wing,2J/S+,Medium,H,III,,73
L159*,Fixed-wing,1J/S+,Medium,H,III,,73
L18,Fixed-wing,2P/L,Medium,G,III,8,73
L181,Fixed-wing,1P/S,Light,I,I,,73
L188,Fixed-wing,4T/L,Medium,F,III,7,73
L200,Fixed-wing,2P/S,Light,I,II,,73
L29*,Fixed-wing,1J/S,Light,I,III,,73
L29A,Fixed-wing,4J/L,Medium,G,III,8,73
L29B,Fixed-wing,4J/L,Medium,G,III,9,73
L37,Fixed-wing,2P/S+,Medium,H,III,,73
L380,Fixed-wing,1P/S,Light,I,I,,73
L39*,Fixed-wing,1J/S,Light,I,III,,73
L4,@Fixed-wing,2P/S,Light,I,II,,73
L40,Fixed-wing,1P/S,Light,I,I,,73
L410,Fixed-wing,2T/S+,Light,I,III,,73
L5,Fixed-wing,1P/S,Light,I,I,,73
L59*,Fixed-wing,1J/S+,Light,I,III,,73
L6,@Fixed-wing,2P/S,Light,I,II,,73
L60,Fixed-wing,1P/S,Light,I,I,,74
L610,Fixed-wing,2T/S+,Medium,H,III,,74
L70,Fixed-wing,1P/S,Light,I,I,,74
L8,Fixed-wing,1P/S,Light,I,I,3,74
L90,Fixed-wing,1T/S,Light,I,I,,74
LA25,@Fixed-wing,1P/S,Light,I,I,2,74
LA4,@Fixed-wing,1P/S,Light,I,I,2,74
LA60,Fixed-wing,1P/S,Light,I,I,,74
LA6T,Fixed-wing,1T/S,Light,I,I,,74
LA8,@Fixed-wing,2P/S,Light,I,II,,74
LACO,Fixed-wing,1P/S,Light,I,I,,74
LAE1,Fixed-wing,1E/S,Light,I,I,,74
LAKR,Fixed-wing,1P/S,Light,I,I,,74
LAKX,Fixed-wing,1P/S,Light,I,I,,74
LAMA,Helicopter,1T/S,Light,I,I,,74
LANC,Fixed-wing,4P/L,Medium,F,III,,74
LAR1,Fixed-wing,1J/S,Light,I,III,,74
LARK,Fixed-wing,1P/S,Light,I,I,1,74
LAST,Fixed-wing,1P/S,Light,I,I,,74
LBUG,Fixed-wing,1P/S,Light,I,I,,74
LCA*,Fixed-wing,1J/S+,Medium,H,III,,74
LCB,Fixed-wing,1P/S,Light,I,I,,74
LCH,Helicopter,2T/S,Light,I,I,,74
LCR,Fixed-wing,1P/S,Light,I,I,,74
LEG2,Fixed-wing,1P/S,Light,I,I,,74
LEGD,Fixed-wing,1P/S,Light,I,I,,74
LESP,Fixed-wing,1P/S,Light,I,I,,74
LEVI,Fixed-wing,1P/S,Light,I,I,,74
LGEZ,Fixed-wing,1P/S,Light,I,I,,75
LGND,Fixed-wing,1P/S,Light,I,I,,75
LH10,Fixed-wing,1P/S,Light,I,I,,75
LIBE,Fixed-wing,1P/S,Light,I,I,,75
LION,Fixed-wing,1P/S,Light,I,I,,75
LJ23,Fixed-wing,2J/S,Light,I,III,8,75
LJ24,Fixed-wing,2J/S+,Light,I,III,7,75
LJ25,Fixed-wing,2J/S+,Light,I,III,9,75
LJ28,Fixed-wing,2J/S+,Light,I,III,7,75
LJ31,Fixed-wing,2J/S+,Medium,H,III,7,75
LJ35,Fixed-wing,2J/S+,Medium,H,III,9,75
LJ40,Fixed-wing,2J/S+,Medium,H,III,6,75
LJ45,Fixed-wing,2J/S+,Medium,H,III,6,75
LJ55,Fixed-wing,2J/S+,Medium,H,III,8,75
LJ60,Fixed-wing,2J/S+,Medium,H,III,8,75
LJ70,Fixed-wing,2J/S+,Medium,H,III,6,75
LJ75,Fixed-wing,2J/S+,Medium,H,III,6,75
LK17,Fixed-wing,1P/S,Light,I,I,,75
LK19,Fixed-wing,1P/S,Light,I,I,,75
LK20,Fixed-wing,1P/S,Light,I,I,,75
LK7E,Fixed-wing,1E/S,Light,I,I,,75
LM5,Fixed-wing,1P/S,Light,I,I,,75
LM5X,Fixed-wing,1P/S,Light,I,I,,75
LM7,Fixed-wing,1P/S,Light,I,I,,75
LMC1,Fixed-wing,1P/S,Light,I,I,,75
LMK1,Fixed-wing,1P/S,Light,I,I,,75
LN27,Fixed-wing,1P/S,Light,I,I,,75
LN3,@Fixed-wing,1P/S,Light,I,I,,75
LNC2,Fixed-wing,1P/S,Light,I,I,,75
LNC4,Fixed-wing,1P/S,Light,I,I,,76
LNCE,Fixed-wing,1P/S,Light,I,I,,76
LNP4,Fixed-wing,1T/S,Light,I,I,,76
LNT4,Fixed-wing,1T/S,Light,I,I,,76
LOCA,Fixed-wing,1P/S,Light,I,I,,76
LOVE,Fixed-wing,1P/S,Light,I,I,,76
LP1,Fixed-wing,1P/S,Light,I,I,,76
LR2T,Helicopter,1T/S,Light,I,I,,76
LS10,Fixed-wing,1P/S,Light,I,I,,76
LS2,Fixed-wing,1P/S,Light,I,I,,76
LS8,Fixed-wing,1P/S,Light,I,I,,76
LS9,Fixed-wing,1P/S,Light,I,I,,76
LSTR,Fixed-wing,1P/S,Light,I,I,,76
LTNG*,Fixed-wing,2J/L,Medium,G,III,,76
LUL5,Fixed-wing,1P/S,Light,I,I,,76
LUL6,Fixed-wing,1P/S,Light,I,I,,76
LUL7,Fixed-wing,1P/S,Light,I,I,,76
LUL8,Fixed-wing,1P/S,Light,I,I,,76
LV51,Fixed-wing,1P/S,Light,I,I,,76
LW20,Fixed-wing,1P/S,Light,I,I,,76
LW40,Fixed-wing,1P/S,Light,I,I,,76
LWIN,Fixed-wing,1P/S,Light,I,I,,76
LX32,Fixed-wing,1P/S,Light,I,I,,76
LX34,Fixed-wing,1P/S,Light,I,I,,76
LXR,Fixed-wing,1P/S,Light,I,I,,76
LYNX,Helicopter,2T/S,Light,I,I,,76
LYSA,Fixed-wing,1P/S,Light,I,I,,76
M10,Fixed-wing,1P/S,Light,I,I,1,76
M101,Fixed-wing,1T/S,Light,I,I,,76
M106,Fixed-wing,1P/S,Light,I,I,,76
M108,Fixed-wing,1P/S,Light,I,I,,76
M110,Fixed-wing,1P/S,Light,I,I,,76
M15,Fixed-wing,1J/S,Light,I,III,,76
M17*,Fixed-wing,1J/L,Medium,F,III,,76
M18,Fixed-wing,1P/S,Light,I,I,,76
M18T,Fixed-wing,1T/S,Light,I,I,,77
M2,Fixed-wing,1P/S,Light,I,I,,77
M200,Fixed-wing,1P/S,Light,I,I,1,77
M203,Fixed-wing,1P/S,Light,I,I,,77
M20P,Fixed-wing,1P/S,Light,I,I,4,77
M20T,Fixed-wing,1P/S,Light,I,I,6,77
M21,Fixed-wing,1P/S,Light,I,I,,77
M212,Fixed-wing,1P/S,Light,I,I,,77
M22,Fixed-wing,1P/S,Light,I,I,3,77
M24,Fixed-wing,1P/S,Light,I,I,,77
M26,Fixed-wing,1P/S,Light,I,I,,77
M28,Fixed-wing,2T/S+,Light/Medium,H,III,,77
M2HK,Fixed-wing,1P/S,Light,I,I,,77
M308,Fixed-wing,1P/S,Light,I,I,,77
M326*,Fixed-wing,1J/S,Light,I,III,,77
M339*,Fixed-wing,1J/S+,Light,I,III,,77
M345*,Fixed-wing,1J/S,Light,I,III,,77
M346*,Fixed-wing,2J/S+,Medium,H,III,,78
M360,Fixed-wing,1P/S,Light,I,I,,78
M36J,Fixed-wing,2P/S,Light,I,II,,78
M4,Fixed-wing,1P/S,Light,I,I,1,78
M404,Fixed-wing,2P/L,Medium,F,III,3,78
M5,Fixed-wing,1P/S,Light,I,I,1,78
M55*,Fixed-wing,2J/L,Medium,F,III,,78
M6,Fixed-wing,1P/S,Light,I,I,1,78
M600,Fixed-wing,1T/S,Light,I,I,5,78
M7,Fixed-wing,1P/S,Light,I,I,1,78
M700,Fixed-wing,1T/S,Light,I,I,,78
M74,Helicopter,1P/S,Light,I,I,,78
M7T,Fixed-wing,1T/S,Light,I,I,1,78
M8,Fixed-wing,1P/S,Light,I,I,,78
M9,Fixed-wing,1P/S,Light,I,I,,78
MA1,Fixed-wing,1P/S,Light,I,I,,78
MA5,Fixed-wing,1P/S,Light,I,I,,78
MA60,Fixed-wing,2T/L,Medium,F,III,,78
MA6H,Fixed-wing,2T/L,Medium,F,III,,78
MAGC,Fixed-wing,1P/S,Light,I,I,,78
MAGI,Fixed-wing,1P/S,Light,I,I,,78
MAGN,Fixed-wing,1P/S,Light,I,I,,78
MAJR,Fixed-wing,1P/S,Light,I,I,,78
MAKO,Fixed-wing,1P/S,Light,I,I,,78
MAMB,Fixed-wing,1P/S,Light,I,I,,78
MAME,Fixed-wing,1P/S,Light,I,I,,78
MARS,$Fixed-wing,4P/L,Medium,F,III,,79
MAVR,Fixed-wing,1P/S,Light,I,I,,79
MC01,Fixed-wing,1P/S,Light,I,I,,79
MC10,Fixed-wing,2P/S,Light,I,II,,79
MC23,Fixed-wing,2J/L,Medium,F,III,,79
MC45,Fixed-wing,1P/S,Light,I,I,,79
MC90,Fixed-wing,1P/S,Light,I,I,,79
MCOU,Fixed-wing,1P/S,Light,I,I,,79
MCOY,Fixed-wing,1P/S,Light,I,I,,79
MCR1,Fixed-wing,1P/S,Light,I,I,,79
MCR4,Fixed-wing,1P/S,Light,I,I,,79
MCRR,Fixed-wing,1P/S,Light,I,I,,79
MCUL,Fixed-wing,1P/S,Light,I,I,,79
MD11,Fixed-wing,3J/H,Heavy,C,III,9,79
MD3,Fixed-wing,1P/S,Light,I,I,,79
MD3R,Fixed-wing,1P/S,Light,I,I,,79
MD52,Helicopter,1T/S,Light,I,I,,79
MD60,Helicopter,1T/S,Light,I,I,,79
MD81,Fixed-wing,2J/L,Medium,F,III,7,79
MD82,Fixed-wing,2J/L,Medium,F,III,7,79
MD83,Fixed-wing,2J/L,Medium,F,III,8,79
MD87,Fixed-wing,2J/L,Medium,F,III,7,79
MD88,Fixed-wing,2J/L,Medium,F,III,8,79
MD90,Fixed-wing,2J/L,Medium,F,III,8,79
MDNT,Powered-lift,12E/S,,I,III,,79
ME08,Fixed-wing,1P/S,Light,I,I,1,79
ME09,Fixed-wing,1P/S,Light,I,I,,79
ME62*,Fixed-wing,2J/S+,Light,I,III,,79
MEAD,Fixed-wing,1P/S,Light,I,I,,79
MEL2,Fixed-wing,1P/S,Light,I,I,,79
MERK,Fixed-wing,2P/S,Light,I,II,,79
MESS,Fixed-wing,1P/S,Light,I,I,,80
METR*,Fixed-wing,2J/S+,Medium,H,III,,80
MEXP,Fixed-wing,1P/S,Light,I,I,,80
MF10,Fixed-wing,1P/S,Light,I,I,,80
MF17,Fixed-wing,1P/S,Light,I,I,,80
MG15*,Fixed-wing,1J/S+,Light,I,III,,80
MG17*,Fixed-wing,1J/S+,Light,I,III,,80
MG19*,Fixed-wing,2J/S+,Medium,H,III,,80
MG21*,Fixed-wing,1J/S+,Medium,H,III,,80
MG23*,Fixed-wing,1J/S+,Medium,H,III,,80
MG25*,Fixed-wing,2J/L,Medium,G,III,,80
MG29*,Fixed-wing,2J/L,Medium,G,III,,80
MG31*,Fixed-wing,2J/L,Medium,G,III,,80
MG44*,Fixed-wing,2J/L,Medium,G,III,,80
MGAT*,Fixed-wing,1J/S+,Light,I,III,,80
MGIC,Fixed-wing,1P/S,Light,I,I,,80
MGNM,Fixed-wing,1P/S,Light,I,I,,80
MH20,Helicopter,2T/S,Light,I,I,,80
MH46,Fixed-wing,1P/S,Light,I,I,,81
MI10,Helicopter,2T/L,Medium,F,I,,81
MI14,Helicopter,2T/S+,Medium,H,I,,81
MI2,Helicopter,2T/S,Light,I,I,,81
MI24,Helicopter,2T/S+,Medium,H,I,,81
MI26,Helicopter,2T/L,Medium,F,I,,81
MI28,Helicopter,2T/S+,Medium,H,I,,81
MI34,Helicopter,1P/S,Light,I,I,,81
MI38,Helicopter,2T/S+,Medium,H,I,,81
MI4,Helicopter,1P/S+,Light,I,I,,81
MI6,Helicopter,2T/L,Medium,F,I,,81
MI8,Helicopter,2T/S+,Medium,H,I,,81
MIDR,Fixed-wing,1P/S,Light,I,I,,81
MIMP,Fixed-wing,1P/S,Light,I,I,,81
MIMU,Fixed-wing,1P/S,Light,I,I,,81
MIR2*,Fixed-wing,1J/S+,Medium,H,III,,81
MIRA*,Fixed-wing,1J/S+,Medium,H,III,,81
MITE,Fixed-wing,1P/S,Light,I,I,1,81
MJ10,Fixed-wing,1P/S,Light,I,I,,81
MJ12,Fixed-wing,1P/S,Light,I,I,,81
MJ1H,Fixed-wing,1P/S,Light,I,I,,81
MJ2,Fixed-wing,1P/S,Light,I,I,,81
MJ4,Fixed-wing,1P/S,Light,I,I,,81
MJ5,Fixed-wing,1P/S,Light,I,I,,81
MJ51,Fixed-wing,1P/S,Light,I,I,,81
MJ53,Fixed-wing,1P/S,Light,I,I,,81
MJ7,Fixed-wing,1P/S,Light,I,I,,81
MJ77,Fixed-wing,1P/S,Light,I,I,,81
MJ8,Fixed-wing,1P/S,Light,I,I,,81
MJ80,Fixed-wing,1P/S,Light,I,I,,81
MJ9,Fixed-wing,1P/S,Light,I,I,,81
MJ90,Fixed-wing,1P/S,Light,I,I,,81
MLER,Fixed-wing,1P/S,Light,I,I,,81
MM14,Gyroplane,1P/S,Light,I,I,,82
MM16,Gyroplane,1P/S,Light,I,I,,82
MM19,Gyroplane,1P/S,Light,I,I,,82
MM21,Gyroplane,1P/S,Light,I,I,,82
MM22,Gyroplane,1P/S,Light,I,I,,82
MM24,Gyroplane,1P/S,Light,I,I,,82
MMAX,Gyroplane,1P/S,Light,I,I,,82
MMUT,Fixed-wing,1P/S,Light,I,I,,82
MNEX,Fixed-wing,1P/S,Light,I,I,,82
MOCU,Fixed-wing,1P/S,Light,I,I,,82
MOGO,Fixed-wing,1P/S,Light,I,I,,82
MOL1,Fixed-wing,1P/S,Light,I,I,,82
MON2,Fixed-wing,1P/S,Light,I,I,,82
MONA,Fixed-wing,1P/S,Light,I,I,,82
MONI,Fixed-wing,1P/S,Light,I,I,,82
MOR2,Fixed-wing,1P/S,Light,I,I,,82
MOSP,Fixed-wing,1P/S,Light,I,I,,82
MOSQ,Fixed-wing,2P/S+,Medium,H,III,,82
MOTO,Fixed-wing,1P/S,Light,I,I,,82
MP02,Fixed-wing,1P/S,Light,I,I,,82
MP20,Fixed-wing,1P/S,Light,I,I,,82
MR25,Fixed-wing,1P/S,Light,I,I,,82
MR35,Fixed-wing,1P/S,Light,I,I,,82
MR3T,Fixed-wing,1T/S,Light,I,I,,82
MRAI,Fixed-wing,1P/S,Light,I,I,,82
MRF1*,Fixed-wing,1J/S+,Medium,H,III,,82
MRMD,@Fixed-wing,1P/S,Light,I,I,,82
MRTN,Fixed-wing,1P/S,Light,I,I,,82
MS1,Fixed-wing,1P/S,Light,I,I,,82
MS23,Fixed-wing,1P/S,Light,I,I,,82
MS31,Fixed-wing,1P/S,Light,I,I,,82
MS73,Fixed-wing,1P/S,Light,I,I,,82
MS76*,Fixed-wing,2J/S,Light,I,III,,82
MSAI,Fixed-wing,1P/S,Light,I,I,,82
MSQ2,Fixed-wing,1P/S,Light,I,I,,82
MT,Gyroplane,1P/S,Light,I,I,,82
MT2*,Fixed-wing,2J/S+,Medium,H,III,,82
MU2,Fixed-wing,2T/S,Light,I,II,6,82
MU23,Fixed-wing,1P/S,Light,I,I,,82
MU30,Fixed-wing,2J/S+,Medium,H,III,7,82
MUS2,Fixed-wing,1P/S,Light,I,I,,82
MVN1,Fixed-wing,1P/S,Light,I,I,,83
MVRK,Fixed-wing,1P/S,Light,I,I,,83
MX10,Fixed-wing,1P/S,Light,I,I,,83
MX1T,Fixed-wing,1P/S,Light,I,I,,83
MX2,Fixed-wing,1P/S,Light,I,I,,83
MX58,Fixed-wing,1P/S,Light,I,I,,83
MX65,Fixed-wing,1P/S,Light,I,I,,83
MX80,Fixed-wing,1P/S,Light,I,I,,83
MXS,Fixed-wing,1P/S,Light,I,I,,83
MY12,Fixed-wing,1P/S,Light,I,I,,83
MY13,Fixed-wing,1P/S,Light,I,I,,83
MYA4,Fixed-wing,4J/H,Heavy,D,III,,83
MYS4*,Fixed-wing,1J/S+,Medium,H,III,,83
N110,Fixed-wing,1P/S,Light,I,I,,83
N120,Fixed-wing,1P/S,Light,I,I,,83
N250,Fixed-wing,2T/L,Medium,F,III,,83
N260,Fixed-wing,2T/S+,Medium,H,III,,83
N262,Fixed-wing,2T/S+,Medium,H,III,,83
N3,Fixed-wing,1P/S,Light,I,I,,83
N320,Fixed-wing,1P/S,Light,I,I,,83
N340,Fixed-wing,1P/S,Light,I,I,,83
N3N,Fixed-wing,1P/S,Light,I,I,,83
N5,Fixed-wing,1P/S,Light,I,I,,83
NA40,Helicopter,2T/S,Light,I,I,,83
NAL2,Fixed-wing,1P/S,Light,I,I,,83
NARN,Fixed-wing,1P/S,Light,I,I,,83
NAVI,Fixed-wing,1P/S,Light,I,I,2,84
NC85,Fixed-wing,1P/S,Light,I,I,,84
ND1T,Fixed-wing,1T/S,Light,I,I,,84
NDAC,Fixed-wing,1P/S,Light,I,I,,84
NDAT,Fixed-wing,1P/S,Light,I,I,,84
NDIC,Fixed-wing,1P/S,Light,I,I,,84
NFEX,Fixed-wing,1T/S,Light,I,I,,84
NG4,Fixed-wing,1P/S,Light,I,I,,84
NG5,Fixed-wing,1P/S,Light,I,I,,84
NH90,Helicopter,2T/S+,Medium,H,I,,84
NI28,Fixed-wing,1P/S,Light,I,I,,84
NIBB,Fixed-wing,1P/S,Light,I,I,,84
NIMB,Fixed-wing,1P/S,Light,I,I,,84
NIPR,Fixed-wing,1P/S,Light,I,I,,84
NM5,Fixed-wing,1P/S,Light,I,I,,84
NMCU,Fixed-wing,1P/S,Light,I,I,,84
NNJA,Fixed-wing,1P/S,Light,I,I,,84
NOMA,Fixed-wing,2T/S,Light,I,II,2,84
NORA,Fixed-wing,2P/L,Medium,F,III,,84
NORS,Fixed-wing,1P/S,Light,I,I,2,85
NPOR,Fixed-wing,1P/S,Light,I,I,,85
NST6,Fixed-wing,1P/S,Light,I,I,,85
NSTR,Fixed-wing,1P/S,Light,I,I,,85
NT10,Fixed-wing,1P/S,Light,I,I,,85
NXT,Fixed-wing,1P/S,Light,I,I,,85
O1,Fixed-wing,1P/S,Light,I,I,,85
O3,Fixed-wing,1P/S,Light,I,I,,85
OCNR,Fixed-wing,1P/S,Light,I,I,,85
OH1,Helicopter,2T/S,Light,I,I,,85
OKHO,Gyroplane,1P/S,Light,I,I,,85
OM1,Fixed-wing,1P/S,Light,I,I,,85
OMAG,Fixed-wing,1P/S,Light,I,I,,85
OMGA,Fixed-wing,1P/S,Light,I,I,,85
OMLA,Fixed-wing,1T/S,Light,I,I,,85
OMSD,@Fixed-wing,1P/S,Light,I,I,,85
ONE,Fixed-wing,1P/S,Light,I,I,,85
ONEX,Fixed-wing,1P/S,Light,I,I,,85
OPCA,Fixed-wing,1P/S,Light,I,I,,85
OR10,@Fixed-wing,1P/S,Light,I,I,,85
OR12,@Fixed-wing,2P/S,Light,I,II,,85
OSCR,Fixed-wing,1P/S,Light,I,I,2,85
OVOD,Fixed-wing,1P/S,Light,I,I,,85
OZZI,Fixed-wing,1P/S,Light,I,I,,85
P06T,Fixed-wing,2P/S,Light,I,II,,85
P1,Fixed-wing,4J/L,Medium,F,III,,85
P100,Fixed-wing,1P/S,Light,I,I,,85
P130,Fixed-wing,1P/S,Light,I,I,,85
P136,@Fixed-wing,2P/S,Light,I,II,4,85
P148,Fixed-wing,1P/S,Light,I,I,,85
P149,Fixed-wing,1P/S,Light,I,I,,85
P180,Fixed-wing,2T/S,Light,I,II,1,85
P18T,Fixed-wing,1T/S,Light,I,I,,85
P19,Fixed-wing,1P/S,Light,I,I,,85
P2,Fixed-wing,2P/L,Medium,F,III,,86
P208,Fixed-wing,1P/S,Light,I,I,,86
P210,Fixed-wing,1P/S,Light,I,I,2,86
P212,Fixed-wing,2P/S,Light,I,II,3,86
P220,Fixed-wing,1P/S,Light,I,I,,86
P230,Fixed-wing,1P/S,Light,I,I,,86
P27,Fixed-wing,1P/S,Light,I,I,,86
P270,Fixed-wing,1P/S,Light,I,I,,86
P28A,Fixed-wing,1P/S,Light,I,I,1,86
P28B,Fixed-wing,1P/S,Light,I,I,3,87
P28R,Fixed-wing,1P/S,Light,I,I,3,87
P28S,Fixed-wing,1P/S,Light,I,I,2,87
P28T,Fixed-wing,1P/S,Light,I,I,2,87
P28U,Fixed-wing,1P/S,Light,I,I,2,87
P3,Fixed-wing,4T/L,Medium,F,III,,87
P32R,Fixed-wing,1P/S,Light,I,I,3,88
P32T,Fixed-wing,1P/S,Light,I,I,2,88
P337,Fixed-wing,2P/S,Light,I,II,3,88
P38,Fixed-wing,2P/S+,Medium,H,III,,88
P39,Fixed-wing,1P/S,Light,I,I,,88
P40,Fixed-wing,1P/S,Light,I,I,,88
P46T,Fixed-wing,1T/S,Light,I,I,4,88
P47,Fixed-wing,1P/S+,Medium,H,III,,88
P4Y,Fixed-wing,4P/L,Medium,F,III,,88
P50,Fixed-wing,1P/S,Light,I,I,,88
P51,Fixed-wing,1P/S,Light,I,I,,88
P57,Fixed-wing,1P/S,Light,I,I,,88
P60,Fixed-wing,1P/S,Light,I,I,,88
P61,Fixed-wing,2P/S+,Medium,H,III,,88
P63,Fixed-wing,1P/S,Light,I,I,,88
P66P,Fixed-wing,2P/S,Light,I,II,3,88
P66T,Fixed-wing,2T/S,Light,I,II,,88
P68,Fixed-wing,2P/S,Light,I,II,3,88
P68T,Fixed-wing,2T/S,Light,I,II,3,88
P70,Fixed-wing,1P/S,Light,I,I,,88
P750,Fixed-wing,1T/S,Light,I,I,,89
P8,Fixed-wing,2J/L,Medium,F,III,,89
P80,Fixed-wing,1P/S,Light,I,I,,89
P82,Fixed-wing,2P/S+,Medium,H,III,,89
PA11,Fixed-wing,1P/S,Light,I,I,1,89
PA12,Fixed-wing,1P/S,Light,I,I,1,89
PA14,Fixed-wing,1P/S,Light,I,I,1,89
PA15,Fixed-wing,1P/S,Light,I,I,1,89
PA16,Fixed-wing,1P/S,Light,I,I,1,89
PA17,Fixed-wing,1P/S,Light,I,I,1,89
PA18,Fixed-wing,1P/S,Light,I,I,1,89
PA20,Fixed-wing,1P/S,Light,I,I,1,89
PA22,Fixed-wing,1P/S,Light,I,I,2,89
PA23,Fixed-wing,2P/S,Light,I,II,2,89
PA24,Fixed-wing,1P/S,Light,I,I,4,89
PA25,Fixed-wing,1P/S,Light,I,I,1,89
PA27,Fixed-wing,2P/S,Light,I,II,3,89
PA30,Fixed-wing,2P/S,Light,I,II,1,89
PA31,Fixed-wing,2P/S,Light,I,II,2,90
PA32,Fixed-wing,1P/S,Light,I,I,3,90
PA34,Fixed-wing,2P/S,Light,I,II,7,90
PA36,Fixed-wing,1P/S,Light,I,I,2,90
PA38,Fixed-wing,1P/S,Light,I,I,3,90
PA44,Fixed-wing,2P/S,Light,I,II,2,90
PA46,Fixed-wing,1P/S,Light,I,I,4,90
PACE,Fixed-wing,1P/S,Light,I,I,,90
PAGO,Fixed-wing,1P/S,Light,I,I,,90
PANT,Fixed-wing,1P/S,Light,I,I,,90
PAR1,Fixed-wing,1P/S,Light,I,I,,91
PAR4,Fixed-wing,1P/S,Light,I,I,,91
PARL,Fixed-wing,1P/S,Light,I,I,,91
PAT2,Fixed-wing,1P/S,Light,I,I,,91
PAT4,Fixed-wing,2T/S,Light,I,II,,91
PAUL,Fixed-wing,1P/S,Light,I,I,,91
PAV4,Gyroplane,1P/S,Light,I,I,,91
PAY1,Fixed-wing,2T/S,Light,I,II,5,91
PAY2,Fixed-wing,2T/S,Light,I,II,2,91
PAY3,Fixed-wing,2T/S,Light,I,II,8,91
PAY4,Fixed-wing,2T/S,Light,I,II,4,91
PC12,Fixed-wing,1T/S,Light,I,I,4,91
PC21,Fixed-wing,1T/S,Light,I,I,,91
PC24,Fixed-wing,2J/S+,Medium,H,III,5,91
PC6P,Fixed-wing,1P/S,Light,I,I,,91
PC6T,Fixed-wing,1T/S,Light,I,I,,91
PC7,Fixed-wing,1T/S,Light,I,I,1,91
PC9,Fixed-wing,1T/S,Light,I,I,,91
PCA2,Gyroplane,1P/S,Light,I,I,,91
PDIG,Fixed-wing,2P/S,Light,I,II,,91
PECR,Fixed-wing,1P/S,Light,I,I,,91
PEGA,Fixed-wing,2P/S,Light,I,II,,91
PEGZ,Fixed-wing,1P/S,Light,I,I,,91
PELI,Fixed-wing,1P/S,Light,I,I,,91
PEMB,Fixed-wing,2P/S+,Light,I,III,,91
PETL,Fixed-wing,1P/S,Light,I,I,,91
PETR,@Fixed-wing,1P/S,Light,I,I,,91
PGEE,Fixed-wing,1P/S,Light,I,I,,92
PGK1,Fixed-wing,1P/S,Light,I,I,,92
PHIL,Helicopter,1P/S,Light,I,I,,92
PHIX,Gyroplane,1P/S,Light,I,I,,92
PHNX,Fixed-wing,1P/S,Light,I,I,,92
PIAE,Fixed-wing,1E/S,Light,I,I,,92
PIAT,Fixed-wing,1P/S,Light,I,I,,92
PICO,Fixed-wing,1P/S,Light,I,I,,92
PILL,Fixed-wing,1P/S,Light,I,I,,92
PINO,Fixed-wing,1P/S,Light,I,I,,92
PIPA,Fixed-wing,1P/S,Light,I,I,,92
PISI,Fixed-wing,1P/S,Light,I,I,,92
PIT4,Fixed-wing,1E/S,Light,I,I,,92
PITA,Fixed-wing,1P/S,Light,I,I,,92
PITE,Fixed-wing,1E/S,Light,I,I,,92
PIVE,Fixed-wing,1E/S,Light,I,I,,92
PIVI,Fixed-wing,1P/S,Light,I,I,,92
PK11,Fixed-wing,1P/S,Light,I,I,,92
PK15,Fixed-wing,1P/S,Light,I,I,,92
PK18,Fixed-wing,1P/S,Light,I,I,,92
PK20,Fixed-wing,1P/S,Light,I,I,,92
PK21,Fixed-wing,1P/S,Light,I,I,,92
PK23,Fixed-wing,1P/S,Light,I,I,,92
PK25,Fixed-wing,1P/S,Light,I,I,,92
PKAN,Fixed-wing,1P/S,Light,I,I,,92
PL1,Fixed-wing,1P/S,Light,I,I,,92
PL12,Fixed-wing,1P/S,Light,I,I,,92
PL2,Fixed-wing,1P/S,Light,I,I,,92
PL4,Fixed-wing,1P/S,Light,I,I,,92
PL9,Fixed-wing,1P/S,Light,I,I,,92
PLUS,Fixed-wing,1P/S,Light,I,I,,92
PNR2,Fixed-wing,1P/S,Light,I,I,,92
PNR3,Fixed-wing,1P/S,Light,I,I,,92
PNR4,Fixed-wing,1P/S,Light,I,I,,92
PNTH,Fixed-wing,1P/S,Light,I,I,,92
PO2,Fixed-wing,1P/S,Light,I,I,,93
PO60,Fixed-wing,1P/S,Light,I,I,,93
POLI,Fixed-wing,1P/S,Light,I,I,,93
PONY,@Fixed-wing,1P/S,Light,I,I,,93
PP2,Fixed-wing,1P/S,Light,I,I,,93
PP3,Fixed-wing,1P/S,Light,I,I,,93
PPRO,Fixed-wing,1P/S,Light,I,I,,93
PRBP,Fixed-wing,1P/S,Light,I,I,,93
PRBR,Fixed-wing,1P/S,Light,I,I,,93
PRCE,Fixed-wing,2P/S,Light,I,II,,93
PREN,Fixed-wing,1P/S,Light,I,I,,93
PRET,Fixed-wing,1P/S,Light,I,I,,93
PREX,Fixed-wing,1P/S,Light,I,I,,93
PRIM,Fixed-wing,1P/S,Light,I,I,,93
PRM1,Fixed-wing,2J/S,Light,I,III,7,93
PROC,Fixed-wing,1P/S,Light,I,I,,93
PROT,Fixed-wing,1P/S,Light,I,I,,93
PROW,Fixed-wing,1P/S,Light,I,I,,93
PRPR,Fixed-wing,1P/S,Light,I,I,,93
PRTS,Fixed-wing,2J/S,Light,I,III,,93
PRXT,Fixed-wing,1T/S,Light,I,I,,93
PSTM,Fixed-wing,1P/S,Light,I,I,,93
PSW4,Helicopter,1T/S,Light,I,I,,93
PT21,Fixed-wing,1P/S,Light,I,I,,93
PT22,Fixed-wing,1P/S,Light,I,I,,93
PT70,Fixed-wing,1P/S,Light,I,I,,93
PT80,Fixed-wing,1P/S,Light,I,I,,93
PTMS,Fixed-wing,1P/S,Light,I,I,,93
PTRL,Fixed-wing,1P/S,Light,I,I,,93
PTS1,Fixed-wing,1P/S,Light,I,I,,93
PTS2,Fixed-wing,1P/S,Light,I,I,,93
PTSS,Fixed-wing,1P/S,Light,I,I,,93
PUL6,Fixed-wing,1P/S,Light,I,I,,93
PULR,Fixed-wing,1P/S,Light,I,I,,93
PULS,Fixed-wing,1P/S,Light,I,I,,94
PUMA,Helicopter,2T/S+,Light,I,I,,94
PUP,Fixed-wing,1P/S,Light,I,I,2,94
PURS,Fixed-wing,1P/S,Light,I,I,,94
PUSH,Fixed-wing,1P/S,Light,I,I,,94
PVTR,@Fixed-wing,1T/S,Light,I,I,,94
PZ01,Fixed-wing,1P/S,Light,I,I,,94
PZ02,Fixed-wing,1P/S,Light,I,I,,94
PZ04,Fixed-wing,1P/S,Light,I,I,,94
PZ05,Fixed-wing,1P/S,Light,I,I,,94
PZ06,Fixed-wing,1P/S,Light,I,I,,94
PZ12,Fixed-wing,1P/S,Light,I,I,,94
PZ26,Fixed-wing,1P/S,Light,I,I,,94
PZ3T,Fixed-wing,1T/S,Light,I,I,,94
PZ4M,Fixed-wing,1P/S,Light,I,I,,94
PZ6T,Fixed-wing,1T/S,Light,I,I,,94
Q01,Fixed-wing,1P/S,Light,I,I,,94
Q4,Fixed-wing,1J/S,Medium,,III,,94
Q5*,Fixed-wing,2J/S+,Medium,H,III,,94
Q9,Fixed-wing,1T/S,Light,I,I,,94
QAIL,Fixed-wing,1P/S,Light,I,I,,94
QALT,Fixed-wing,1P/S,Light,I,I,,94
QIC2,Fixed-wing,1P/S,Light,I,I,,94
QINT,Fixed-wing,1P/S,Light,I,I,,94
QR01,Fixed-wing,1P/S,Light,I,I,,94
QUAS,Fixed-wing,1P/S,Light,I,I,,94
QUIC,Fixed-wing,1P/S,Light,I,I,,94
R100,Fixed-wing,1P/S,Light,I,I,,94
R109,Fixed-wing,1P/S,Light,I,I,,95
R11,Fixed-wing,1P/S,Light,I,I,,95
R12,Fixed-wing,1P/S,Light,I,I,,95
R135,Fixed-wing,4J/H,Heavy,D,III,,95
R185,Fixed-wing,1P/S,Light,I,I,,95
R2,$Fixed-wing,1P/S,Light,I,I,,95
R200,Fixed-wing,1P/S,Light,I,I,,95
R22,Helicopter,1P/S,Light,I,I,,95
R300,Fixed-wing,1P/S,Light,I,I,,95
R4,Helicopter,1P/S,Light,I,I,,95
R44,Helicopter,1P/S,Light,I,I,,95
R66,Helicopter,1T/S,Light,I,I,,95
R721,Fixed-wing,3J/L,Medium,F,III,,95
R722,Fixed-wing,3J/L,Medium,F,III,,95
R90F,Fixed-wing,1P/S,Light,I,I,,95
R90R,Fixed-wing,1P/S,Light,I,I,,95
R90T,Fixed-wing,1T/S,Light,I,I,,95
RA14,Fixed-wing,1P/S,Light,I,I,,95
RA17,Fixed-wing,1P/S,Light,I,I,,95
RAF2,Gyroplane,1P/S,Light,I,I,,95
RAID,Fixed-wing,1P/S,Light,I,I,,95
RAIL,Fixed-wing,1P/S,Light,I,I,,95
RALL,Fixed-wing,1P/S,Light,I,I,3,96
RANG,Fixed-wing,1P/S,Light,I,I,1,96
RARO,Fixed-wing,1P/S,Light,I,I,,96
RAV3,Fixed-wing,1P/S,Light,I,I,,96
RAV5,Fixed-wing,1P/S,Light,I,I,,96
RAZM,Fixed-wing,1P/S,Light,I,I,,96
RBEL,Fixed-wing,1P/S,Light,I,I,,96
RC3,@Fixed-wing,1P/S,Light,I,I,,96
RC70,Fixed-wing,2P/S,Light,I,II,,96
RCAL,Fixed-wing,1P/S,Light,I,I,,96
RD03,Fixed-wing,1P/S,Light,I,I,,96
RD20,Fixed-wing,1P/S,Light,I,I,,96
RDH2,Fixed-wing,1P/S,Light,I,I,,96
RELI,Fixed-wing,1P/S,Light,I,I,3,96
RENE,Fixed-wing,1P/S,Light,I,I,,96
REV6,Gyroplane,1T/S,Light,I,I,,96
RF10,Fixed-wing,1P/S,Light,I,I,,96
RF3,Fixed-wing,1P/S,Light,I,I,,96
RF4,Fixed-wing,1P/S,Light,I,I,,96
RF47,Fixed-wing,1P/S,Light,I,I,,97
RF5,Fixed-wing,1P/S,Light,I,I,,97
RF6,Fixed-wing,1P/S,Light,I,I,,97
RF9,Fixed-wing,1P/S,Light,I,I,,97
RFAL*,Fixed-wing,2J/L,Medium,G,III,,97
RGNT,Fixed-wing,1P/S,Light,I,I,,97
RISN,Fixed-wing,1P/S,Light,I,I,,97
RJ03,Fixed-wing,1P/S,Light,I,I,,97
RJ1H,Fixed-wing,4J/L,Medium,G,III,7,97
RJ70,Fixed-wing,4J/L,Medium,G,III,7,97
RJ85,Fixed-wing,4J/L,Medium,G,III,7,97
RK5,Fixed-wing,1P/S,Light,I,I,,97
RLU1,Fixed-wing,1P/S,Light,I,I,,97
RMOU,Helicopter,1T/S,Light,I,I,,97
RNGR,Fixed-wing,1P/S,Light,I,I,,97
RODS,Fixed-wing,1P/S,Light,I,I,,97
ROND,Fixed-wing,1P/S,Light,I,I,,97
ROSE,Fixed-wing,1P/S,Light,I,I,,97
RP1,Helicopter,2T/S,Light,I,I,,97
RPUP,Gyroplane,1P/S,Light,I,I,,97
RS12,Fixed-wing,1P/S,Light,I,I,,97
RS18,Fixed-wing,1P/S,Light,I,I,,97
RS20,Fixed-wing,1P/S,Light,I,I,,97
RS21,Fixed-wing,1P/S,Light,I,I,,97
RTA4,Fixed-wing,1P/S,Light,I,I,,97
RUBI,Fixed-wing,1P/S,Light,I,I,,97
RV10,Fixed-wing,1P/S,Light,I,I,,97
RV12,Fixed-wing,1P/S,Light,I,I,,97
RV14,Fixed-wing,1P/S,Light,I,I,,97
RV15,Fixed-wing,1P/S,Light,I,I,,97
RV3,Fixed-wing,1P/S,Light,I,I,,97
RV4,Fixed-wing,1P/S,Light,I,I,,97
RV4T,Fixed-wing,1T/S,Light,I,I,,97
RV6,Fixed-wing,1P/S,Light,I,I,,97
RV7,Fixed-wing,1P/S,Light,I,I,,97
RV8,Fixed-wing,1P/S,Light,I,I,,97
RV9,Fixed-wing,1P/S,Light,I,I,,98
RVAL,Helicopter,2T/S+,Medium,H,I,,98
RVST,Fixed-wing,1P/S,Light,I,I,,98
RW19,Fixed-wing,1P/S,Light,I,I,,98
RW20,Fixed-wing,1P/S,Light,I,I,,98
RW22,Fixed-wing,1P/S,Light,I,I,,98
RW26,Fixed-wing,1P/S,Light,I,I,,98
RW3,Fixed-wing,1P/S,Light,I,I,,98
RYSA,Fixed-wing,2T/S+,Light,I,III,,98
RYST,Fixed-wing,1P/S,Light,I,I,,98
S05F,Fixed-wing,1P/S,Light,I,I,,98
S05R,Fixed-wing,1P/S,Light,I,I,,98
S1,Fixed-wing,1P/S,Light,I,I,,98
S10,Fixed-wing,1P/S,Light,I,I,,98
S107,$Fixed-wing,1P/S,Light,I,I,,98
S108,Fixed-wing,1P/S,Light,I,I,2,98
S10S,Fixed-wing,1P/S,Light,I,I,,98
S11,Fixed-wing,1P/S,Light,I,I,,98
S12,@Fixed-wing,1P/S,Light,I,I,,98
S122,Fixed-wing,2P/S,Light,I,II,,98
S12S,Fixed-wing,1P/S,Light,I,I,,98
S15S,Fixed-wing,1P/S,Light,I,I,,98
S160,Fixed-wing,1P/S,Light,I,I,,98
S200,Fixed-wing,1J/S,Light,I,III,,98
S202,@Fixed-wing,2P/S,Light,I,II,,98
S208,Fixed-wing,1P/S,Light,I,I,,98
S21,Fixed-wing,1P/S,Light,I,I,,98
S211*,Fixed-wing,1J/S,Light,I,III,,98
S223,Fixed-wing,1P/S,Light,I,I,,98
S22T,Fixed-wing,1P/S,Light,I,I,5,98
S274,Helicopter,1T/S,Light,I,I,,98
S278,Helicopter,1T/S,Light,I,I,,98
S285,Helicopter,1T/S,Light,I,I,,98
S2P,Fixed-wing,2P/S+,Medium,H,III,,99
S2T,Fixed-wing,2T/S+,Medium,H,III,,99
S3,Fixed-wing,2J/L,Medium,G,III,,99
S330,Helicopter,1T/S,Light,I,I,,99
S360,Helicopter,1T/S,Light,I,I,,99
S37*,Fixed-wing,2J/L,Medium,G,III,,99
S38,@Fixed-wing,2P/S,Light,I,II,,99
S39,@Fixed-wing,1P/S,Light,I,I,,99
S4,Fixed-wing,1P/S,Light,I,I,,99
S400,$Fixed-wing,2P/S,Light,I,II,,99
S401,Fixed-wing,1J/S,Light,I,III,,99
S434,Helicopter,1T/S,Light,I,I,,99
S45,Fixed-wing,1P/S,Light,I,I,,99
S450,Fixed-wing,1P/S,Light,I,I,,99
S51,Helicopter,1P/S,Light,I,I,,99
S51D,Fixed-wing,1P/S,Light,I,I,,99
S52,Helicopter,1P/S,Light,I,I,,99
S55P,Helicopter,1P/S,Light,I,I,,99
S55T,Helicopter,1T/S,Light,I,I,,99
S58P,Helicopter,1P/S+,Light,I,I,,99
S58T,Helicopter,1T/S+,Light,I,I,,99
S6,Fixed-wing,1P/S,Light,I,I,,99
S601,Fixed-wing,2J/S+,Light,I,III,5,100
S61,Helicopter,2T/S+,Medium,H,I,,100
S61R,Helicopter,2T/S+,Medium,H,I,,100
S62,Helicopter,1T/S,Light,I,I,,100
S64,Helicopter,2T/L,Medium,G,I,,100
S65C,Helicopter,2T/S,Light,I,I,,100
S716,Fixed-wing,1J/S,Light,I,III,,100
S76,Helicopter,2T/S,Light,I,I,,100
S900,Fixed-wing,1P/S,Light,I,I,,100
S92,Helicopter,2T/S+,Medium,H,I,,100
S97,Helicopter,1T/S,Light,I,I,,100
SA02,Fixed-wing,1P/S,Light,I,I,,100
SA03,Fixed-wing,1P/S,Light,I,I,,100
SA04,Fixed-wing,1P/S,Light,I,I,,100
SA05,Fixed-wing,1P/S,Light,I,I,,100
SA10,Fixed-wing,1P/S,Light,I,I,,100
SA11,Fixed-wing,1P/S,Light,I,I,,100
SA2,Fixed-wing,1P/S,Light,I,I,,100
SA20,@Fixed-wing,1P/S,Light,I,I,,100
SA3,Fixed-wing,1P/S,Light,I,I,,100
SA30,Fixed-wing,1P/S,Light,I,I,,100
SA37,Fixed-wing,1P/S,Light,I,I,,100
SA38,Fixed-wing,2P/S,Light,I,II,,100
SA50,Fixed-wing,1P/S,Light,I,I,,100
SA6,Fixed-wing,1P/S,Light,I,I,,100
SA6E,Fixed-wing,1T/S,Light,I,I,,100
SA7,Fixed-wing,1P/S,Light,I,I,,100
SA70,Fixed-wing,1P/S,Light,I,I,,100
SA75,Fixed-wing,1P/S,Light,I,I,,101
SA8T,Fixed-wing,2T/S,Light,I,II,,101
SAB2,Fixed-wing,1P/S,Light,I,I,,101
SABA,Fixed-wing,1P/S,Light,I,I,,101
SABW,Fixed-wing,1P/S,Light,I,I,,101
SACE,Fixed-wing,1P/S,Light,I,I,,101
SACR,Fixed-wing,1P/S,Light,I,I,,101
SAFF,Fixed-wing,1P/S,Light,I,I,,101
SAH1,Fixed-wing,1P/S,Light,I,I,,101
SAKO,Fixed-wing,1P/S,Light,I,I,,101
SALB,Fixed-wing,1P/S,Light,I,I,,101
SAM,Fixed-wing,1P/S,Light,I,I,,101
SAND,$Fixed-wing,4P/L,Medium,F,III,,101
SAPH,Fixed-wing,1P/S,Light,I,I,,101
SASH,Fixed-wing,2P/S,Light,I,II,,101
SASP,Fixed-wing,1P/S,Light,I,I,,101
SASY,Fixed-wing,1P/S,Light,I,I,,101
SATA*,Fixed-wing,2J/S,Light,I,III,,101
SAVA,Fixed-wing,1P/S,Light,I,I,,101
SAVG,Fixed-wing,1P/S,Light,I,I,,101
SB05*,Fixed-wing,2J/S,Light,I,III,,101
SB20,Fixed-wing,2T/L,Medium,G,III,,101
SB29*,Fixed-wing,1J/S+,Medium,H,III,,101
SB32*,Fixed-wing,1J/S+,Medium,H,III,,101
SB35*,Fixed-wing,1J/S+,Medium,H,III,,101
SB37*,Fixed-wing,1J/L,Medium,G,III,,101
SB39*,Fixed-wing,1J/S+,Medium,H,III,,101
SB7,Fixed-wing,1P/S,Light,I,I,,101
SB91,Fixed-wing,1P/S,Light,I,I,,101
SBD,Fixed-wing,1P/S,Light,I,I,,101
SBLS,Fixed-wing,2P/S,Light,I,II,,101
SBM3,Fixed-wing,1P/S,Light,I,I,,101
SBOY,Fixed-wing,1P/S,Light,I,I,,101
SBR1,Fixed-wing,2J/S+,Medium,H,III,,102
SBR2,Fixed-wing,2J/S+,Medium,H,III,,102
SC01,Fixed-wing,1P/S,Light,I,I,,102
SC7,Fixed-wing,2T/S,Light,I,III,2,102
SCAM,Fixed-wing,1P/S,Light,I,I,,102
SCEP,Fixed-wing,1P/S,Light,I,I,,102
SCII,Gyroplane,1P/S,Light,I,I,,102
SCOM,Fixed-wing,1P/S,Light,I,I,,102
SCOR,Helicopter,1P/S,Light,I,I,,102
SCOU,Helicopter,1T/S,Light,I,I,,102
SCRO,Fixed-wing,1P/S,Light,I,I,,102
SCTR,Fixed-wing,1P/S,Light,I,I,,102
SCUB,Fixed-wing,1P/S,Light,I,I,,102
SCW1,Fixed-wing,1P/S,Light,I,I,,102
SD2,Fixed-wing,1P/S,Light,I,I,,102
SD26,Fixed-wing,1P/S,Light,I,I,,102
SD4,Fixed-wing,1P/S,Light,I,I,,102
SDUS,Fixed-wing,1P/S,Light,I,I,,102
SE5A,Fixed-wing,1P/S,Light,I,I,,102
SE5R,Fixed-wing,1P/S,Light,I,I,,102
SEAT,@Fixed-wing,1T/S,Light,I,I,,102
SEAW,@Fixed-wing,1P/S,Light,I,I,,102
SERA,Fixed-wing,1P/S,Light,I,I,,102
SF2,Fixed-wing,1P/S,Light,I,I,,102
SF23,Fixed-wing,1P/S,Light,I,I,,102
SF24,Fixed-wing,1P/S,Light,I,I,,102
SF25,Fixed-wing,1P/S,Light,I,I,,102
SF27,Fixed-wing,1P/S,Light,I,I,,102
SF28,Fixed-wing,1P/S,Light,I,I,,102
SF31,Fixed-wing,1P/S,Light,I,I,,102
SF32,Fixed-wing,1P/S,Light,I,I,,102
SF34,Fixed-wing,2T/L,Medium,G,III,5,102
SF35,Fixed-wing,1P/S,Light,I,I,,103
SF36,Fixed-wing,1P/S,Light,I,I,,103
SF50,Fixed-wing,1J/S,Light,I,III,5,103
SG37,Fixed-wing,1P/S,Light,I,I,,103
SG70,Fixed-wing,1P/S,Light,I,I,,103
SG92,Fixed-wing,1T/S,Light,I,I,,103
SGRA,Fixed-wing,1P/S,Light,I,I,,103
SGUP,Fixed-wing,4T/L,Medium,F,III,10,103
SH09,Helicopter,1T/S,Light,I,I,,103
SH33,Fixed-wing,2T/S+,Medium,H,III,6,103
SH36,Fixed-wing,2T/S+,Medium,H,III,6,103
SH4,Helicopter,1P/S,Light,I,I,,103
SH5,$Fixed-wing,4T/L,Medium,F,III,,103
SHAC,Fixed-wing,4P/L,Medium,F,III,,103
SHAK,@Fixed-wing,1P/S,Light,I,I,,103
SHAW*,Fixed-wing,1J/S+,Medium,H,III,,103
SHEA,@Fixed-wing,1P/S,Light,I,I,,103
SHEK,Fixed-wing,1P/S,Light,I,I,,103
SHER,Fixed-wing,1P/S,Light,I,I,,103
SHOE,Fixed-wing,1P/S,Light,I,I,,103
SHOP,Fixed-wing,1P/S,Light,I,I,,103
SHOR,Fixed-wing,1P/S,Light,I,I,,103
SHRK,Fixed-wing,1P/S,Light,I,I,,103
SHRT,Fixed-wing,1T/S,Light,I,I,,103
SIDE,Fixed-wing,1P/S,Light,I,I,,103
SIGM,Fixed-wing,1P/S,Light,I,I,,103
SILH,Fixed-wing,1P/S,Light,I,I,,103
SIR2,Fixed-wing,1P/S,Light,I,I,,103
SIRA,Fixed-wing,1P/S,Light,I,I,,103
SJ30,Fixed-wing,2J/S+,Light,I,III,,103
SK10,Fixed-wing,1P/S,Light,I,I,,103
SK70,Fixed-wing,2P/S,Light,I,II,,103
SKAR,Fixed-wing,1P/S,Light,I,I,,103
SKIF,@Fixed-wing,1P/S,Light,I,I,,103
SKIM,@Fixed-wing,1P/S,Light,I,I,,103
SKRA,Fixed-wing,1P/S,Light,I,I,,103
SKYC,Fixed-wing,2P/S,Light,I,II,,103
SKYO,Fixed-wing,1P/S,Light,I,I,,103
SKYR,Fixed-wing,1P/S,Light,I,I,,103
SL1,Fixed-wing,1P/S,Light,I,I,,103
SL39,Fixed-wing,1P/S,Light,I,I,,103
SL90,Fixed-wing,1P/S,Light,I,I,,103
SLG2,Fixed-wing,1P/S,Light,I,I,1,104
SLG4,Fixed-wing,1P/S,Light,I,I,1,104
SLH4,Fixed-wing,1P/S,Light,I,I,,104
SLK3,Fixed-wing,1P/S,Light,I,I,,104
SLK5,Fixed-wing,1P/S,Light,I,I,,104
SM01,Fixed-wing,1P/S,Light,I,I,,104
SM19,Fixed-wing,1T/S,Light,I,I,,104
SM20,Fixed-wing,1T/S,Light,I,I,,104
SM60,Fixed-wing,3P/S,Light,I,III,,104
SM92,Fixed-wing,1P/S,Light,I,I,,104
SMAX,@Fixed-wing,1P/S,Light,I,I,,104
SMB2*,Fixed-wing,1J/S+,Medium,H,III,,104
SNAD,Gyroplane,1P/S,Light,I,I,,104
SNAP,Fixed-wing,1P/S,Light,I,I,,104
SNGY,Fixed-wing,1P/S,Light,I,I,,104
SNOS,Fixed-wing,1P/S,Light,I,I,,104
SNS2,Fixed-wing,1P/S,Light,I,I,,104
SNS7,Fixed-wing,1P/S,Light,I,I,,104
SNS9,Fixed-wing,1P/S,Light,I,I,,104
SNTA,Fixed-wing,1P/S,Light,I,I,,104
SOK2,Fixed-wing,1P/S,Light,I,I,,104
SOKL,Fixed-wing,1P/S,Light,I,I,,104
SOL1,Fixed-wing,4E/S,Light,I,III,,104
SOL2,Fixed-wing,4E/S,Light,I,III,,104
SOLI,Fixed-wing,1P/S,Light,I,I,,104
SONX,Fixed-wing,1P/S,Light,I,I,,104
SORA,Fixed-wing,1P/S,Light,I,I,,104
SP20,Fixed-wing,1P/S,Light,I,I,,104
SP33,Fixed-wing,2J/S,Light,I,III,,104
SP55,Fixed-wing,1P/S,Light,I,I,,104
SP6E,Fixed-wing,1P/S,Light,I,I,,104
SP7,Fixed-wing,1P/S,Light,I,I,,104
SP91,Fixed-wing,1P/S,Light,I,I,,104
SP95,Fixed-wing,1P/S,Light,I,I,,104
SPA2,Fixed-wing,1P/S,Light,I,I,,104
SPAR,Fixed-wing,1P/S,Light,I,I,,104
SPDR,Fixed-wing,1P/S,Light,I,I,,104
SPEL,Fixed-wing,1P/S,Light,I,I,,104
SPGY,Gyroplane,1P/S,Light,I,I,,104
SPHA,Gyroplane,1P/S,Light,I,I,,104
SPIR,Fixed-wing,1P/S,Light,I,I,,104
SPIT,Fixed-wing,1P/S,Light,I,I,,104
SPKR,Fixed-wing,1P/S,Light,I,I,,104
SPOR,Fixed-wing,1P/S,Light,I,I,,105
SPR2,Fixed-wing,1P/S,Light,I,I,,105
SPRT,Fixed-wing,1P/S,Light,I,I,,105
SPST,Fixed-wing,1P/S,Light,I,I,,105
SPUP,Fixed-wing,1P/S,Light,I,I,,105
SQ2T,Fixed-wing,1P/S,Light,I,I,,105
SQES,Fixed-wing,2P/S,Light,I,II,,105
SR01,Fixed-wing,1P/S,Light,I,I,,105
SR20,Fixed-wing,1P/S,Light,I,I,1,105
SR22,Fixed-wing,1P/S,Light,I,I,1,105
SRAC,Fixed-wing,1P/S,Light,I,I,,105
SRAI,Fixed-wing,1P/S,Light,I,I,,105
SRAS,Fixed-wing,1P/S,Light,I,I,,105
SRAY,@Fixed-wing,1P/S,Light,I,I,,105
SREY,@Fixed-wing,1P/S,Light,I,I,,105
SS2,Fixed-wing,1R/S+,Medium,H,III,,105
SS2P,Fixed-wing,1P/S,Light,I,I,,105
SS2T,Fixed-wing,1T/S+,Light,I,I,,105
SSAB*,Fixed-wing,1J/S+,Medium,H,III,,105
SSC,Gyroplane,1P/S,Light,I,I,,105
SSTL,Fixed-wing,1P/S,Light,I,I,,105
SSTM,@Fixed-wing,1P/S,Light,I,I,,105
ST1,Fixed-wing,2P/S,Light,I,II,,105
ST10,Fixed-wing,1P/S,Light,I,I,,105
ST3,Fixed-wing,1P/S,Light,I,I,,105
ST30,Fixed-wing,1P/S,Light,I,I,,106
ST4,Fixed-wing,1P/S,Light,I,I,,106
ST6,Fixed-wing,1P/S,Light,I,I,,106
ST60,Fixed-wing,1P/S,Light,I,I,,106
ST75,Fixed-wing,1P/S,Light,I,I,,106
ST87,Fixed-wing,1P/S,Light,I,I,,106
STAL,Fixed-wing,1P/S,Light,I,I,,106
STAR,Fixed-wing,2T/S+,Light,I,III,7,106
STAT,Fixed-wing,1T/S,Light,I,I,,106
STCH,Fixed-wing,1P/S,Light,I,I,,106
STFF,Fixed-wing,1P/S,Light,I,I,,106
STG2,Fixed-wing,1P/S,Light,I,I,,106
STIL,Fixed-wing,1P/S,Light,I,I,,106
STLN,Fixed-wing,1T/S,Light,I,I,1,106
STOR,Fixed-wing,1P/S,Light,I,I,,106
STR2,Fixed-wing,1P/S,Light,I,I,,106
STRA,Fixed-wing,1P/S,Light,I,I,,106
STRE,Fixed-wing,1P/S,Light,I,I,,106
STRI,Fixed-wing,1P/S,Light,I,I,,106
STRK*,Fixed-wing,1J/S,Light,I,III,,106
STRM,Fixed-wing,1P/S,Light,I,I,,106
STST,Fixed-wing,1P/S,Light,I,I,,106
SU17*,Fixed-wing,1J/L,Medium,G,III,,106
SU24*,Fixed-wing,2J/L,Medium,G,III,,106
SU25*,Fixed-wing,2J/L,Medium,G,III,,106
SU26,Fixed-wing,1P/S,Light,I,I,,106
SU27*,Fixed-wing,2J/L,Medium,G,III,,106
SU29,Fixed-wing,1P/S,Light,I,I,,106
SU31,Fixed-wing,1P/S,Light,I,I,,106
SU38,Fixed-wing,1P/S,Light,I,I,,106
SU7*,Fixed-wing,1J/S+,Medium,H,III,,107
SU80,Fixed-wing,2T/S+,Medium,H,III,,107
SU95,Fixed-wing,2J/L,Medium,F,III,,107
SUBA,Fixed-wing,1P/S,Light,I,I,,107
SUCO,Helicopter,2T/S+,Medium,H,I,,107
SUNV,Fixed-wing,1P/S,Light,I,I,,107
SURN,Helicopter,2T/S+,Medium,H,I,,107
SURU,Fixed-wing,1P/S,Light,I,I,,107
SUSO,Fixed-wing,1P/S,Light,I,I,,107
SV4,Fixed-wing,1P/S,Light,I,I,,107
SVNH,Fixed-wing,1P/S,Light,I,I,,107
SW18,Fixed-wing,1P/S,Light,I,I,,107
SW2,Fixed-wing,2T/S,Light,I,II,6,107
SW3,Fixed-wing,2T/S+,Light,I,III,5,107
SW4,Fixed-wing,2T/S+,Light/Medium,H,III,5,107
SWAK,Fixed-wing,1P/S,Light,I,I,,107
SWAT,Fixed-wing,1P/S,Light,I,I,,107
SWFT*,Fixed-wing,1J/S+,Light,H,III,,107
SWIN,Fixed-wing,1P/S,Light,I,I,,107
SWOR,Fixed-wing,1P/S,Light,I,I,,107
SX30,Fixed-wing,1P/S,Light,I,I,,107
SYCA,Helicopter,1P/S,Light,I,I,,107
SYMP,Fixed-wing,1P/S,Light,I,I,,107
SYNC,Fixed-wing,1P/S,Light,I,I,,107
SZ45,Fixed-wing,1P/S,Light,I,I,,107
SZ9M,Fixed-wing,1P/S,Light,I,I,,107
T1*,Fixed-wing,1J/S,Light,I,III,,108
T10,Fixed-wing,1P/S,Light,I,I,,108
T101,Fixed-wing,1T/S,Light,I,I,,108
T134,Fixed-wing,2J/L,Medium,F,III,,108
T154,Fixed-wing,3J/L,Medium,F,III,,108
T160,Fixed-wing,4J/H,Heavy,D,III,,108
T18,Fixed-wing,1P/S,Light,I,I,,108
T19,Fixed-wing,1P/S,Light,I,I,,108
T2*,Fixed-wing,2J/S+,Light,I,III,,108
T204,Fixed-wing,2J/L,Medium,F,III,,108
T206,Fixed-wing,1P/S,Light,I,I,2,108
T210,Fixed-wing,1P/S,Light,I,I,2,108
T211,Fixed-wing,1P/S,Light,I,I,,108
T22M,Fixed-wing,2J/L,Medium,F,III,,108
T250,Fixed-wing,1P/S,Light,I,I,,108
T28,Fixed-wing,1P/S,Light,I,I,,108
T30,Fixed-wing,1P/S,Light,I,I,,108
T33*,Fixed-wing,1J/L,Medium,H,III,,108
T334,Fixed-wing,2J/L,Medium,F,III,,108
T34P,Fixed-wing,1P/S,Light,I,I,1,109
T34T,Fixed-wing,1T/S,Light,I,I,,109
T35,Fixed-wing,1P/S,Light,I,I,,109
T37*,Fixed-wing,2J/S,Light,I,III,,109
T38*,Fixed-wing,2J/S,Light,I,III,,109
T4*,Fixed-wing,2J/S+,Medium,H,III,,109
T40,Fixed-wing,1P/S,Light,I,I,,109
T411,Fixed-wing,1P/S,Light,I,I,,109
T415,Fixed-wing,1P/S,Light,I,I,,109
T419,Fixed-wing,1P/S,Light,I,I,,109
T5,Fixed-wing,1T/S,Light,I,I,,109
T50,Fixed-wing,2P/S,Light,I,II,,109
T51,Fixed-wing,1P/S,Light,I,I,,109
T6,Fixed-wing,1P/S,Light,I,I,2,109
T7,Fixed-wing,1T/S,Light,I,I,,109
TA15,Fixed-wing,1P/S,Light,I,I,,109
TA16,@Fixed-wing,1P/S,Light,I,I,,109
TA20,Fixed-wing,1P/S,Light,I,I,4,109
TAA1,Fixed-wing,1P/S,Light,I,I,,109
TAGO,Fixed-wing,1P/S,Light,I,I,,109
TAIL,Fixed-wing,1P/S,Light,I,I,,109
TAMP,Fixed-wing,1P/S,Light,I,I,2,109
TARO,Fixed-wing,1P/S,Light,I,I,,109
TARR,Fixed-wing,1P/S,Light,I,I,,109
TAYA,Fixed-wing,1P/S,Light,I,I,,109
TAYB,Fixed-wing,1P/S,Light,I,I,,110
TAYD,Fixed-wing,1P/S,Light,I,I,,110
TB05,Fixed-wing,1P/S,Light,I,I,,110
TB20,Fixed-wing,1P/S,Light,I,I,,110
TB21,Fixed-wing,1P/S,Light,I,I,,110
TB30,Fixed-wing,1P/S,Light,I,I,,110
TB31,Fixed-wing,1T/S,Light,I,I,,110
TBEE,@Fixed-wing,2P/S,Light,I,II,,110
TBM,Fixed-wing,1P/S+,Medium,H,III,,110
TBM7,Fixed-wing,1T/S,Light,I,I,5,110
TBM8,Fixed-wing,1T/S,Light,I,I,5,110
TBM9,Fixed-wing,1T/S,Light,I,I,5,110
TBR3,Fixed-wing,1P/S,Light,I,I,,110
TC2,Fixed-wing,1P/S,Light,I,I,,110
TCAT,Fixed-wing,2P/S+,Medium,H,III,,110
TCOU,Fixed-wing,2P/S,Light,I,II,1,110
TD1,Fixed-wing,1P/S,Light,I,I,,110
TD2,Fixed-wing,1T/S,Light,I,I,,110
TD3,Fixed-wing,1P/S,Light,I,I,,110
TEAL,@Fixed-wing,1P/S,Light,I,I,,110
TERM,Fixed-wing,1P/S,Light,I,I,,110
TERR,Fixed-wing,1P/S,Light,I,I,,110
TEX2,Fixed-wing,1T/S,Light,I,I,,111
TEXA,Fixed-wing,1P/S,Light,I,I,,111
TF19,Fixed-wing,1P/S,Light,I,I,1,111
TF21,Fixed-wing,1P/S,Light,I,I,4,111
TF22,Fixed-wing,1P/S,Light,I,I,,111
TFK2,Fixed-wing,1P/S,Light,I,I,,111
TFOC,Fixed-wing,1P/S,Light,I,I,,111
TFUN,Fixed-wing,1P/S,Light,I,I,,111
TIAD,Fixed-wing,1P/S,Light,I,I,,111
TIGR,Helicopter,2T/S+,Light,I,I,,111
TIJU,Fixed-wing,1P/S,Light,I,I,,111
TIPB,Fixed-wing,1P/S,Light,I,I,,111
TJET,Fixed-wing,2J/S,Light,I,III,,111
TL20,Fixed-wing,1P/S,Light,I,I,,111
TL30,Fixed-wing,1P/S,Light,I,I,,111
TLEG,Fixed-wing,1T/S,Light,I,I,,111
TM5,Fixed-wing,1P/S,Light,I,I,,111
TMOT,Fixed-wing,1P/S,Light,I,I,,111
TMUS,Fixed-wing,1P/S,Light,I,I,,111
TNAV,Fixed-wing,2P/S,Light,I,II,,111
TNDR,Fixed-wing,1P/S,Light,I,I,,111
TOBA,Fixed-wing,1P/S,Light,I,I,2,111
TOOT,Fixed-wing,1P/S,Light,I,I,,111
TOR*,Fixed-wing,2J/L,Medium,G,III,,112
TOUR,Fixed-wing,1P/S,Light,I,I,,112
TOXO,Fixed-wing,1P/S,Light,I,I,,112
TP40,Fixed-wing,1P/S,Light,I,I,,112
TPIL,Fixed-wing,1T/S,Light,I,I,,112
TPIN,Fixed-wing,2P/S+,Light,I,III,,112
TR1,@Fixed-wing,1P/S,Light,I,I,,112
TR20,Fixed-wing,1P/S,Light,I,I,,112
TR26,Fixed-wing,1P/S,Light,I,I,,112
TR55,Fixed-wing,1P/S,Light,I,I,,112
TRAL,Fixed-wing,1P/S,Light,I,I,,112
TRAP,Fixed-wing,1P/S,Light,I,I,,112
TRBA,Fixed-wing,1P/S,Light,I,I,,112
TRDO,Fixed-wing,1P/S,Light,I,I,,112
TRF1,Fixed-wing,1P/S,Light,I,I,,112
TRIM,Fixed-wing,3P/S+,Light,I,III,,112
TRIS,Fixed-wing,3P/S,Light,I,III,2,112
TRMA,Fixed-wing,3P/S,Light,I,III,,112
TRWN,Fixed-wing,2P/S,Light,I,II,,112
TS11*,Fixed-wing,1J/S,Light,I,III,,112
TS14,Fixed-wing,1P/S,Light,I,I,,112
TS8,Fixed-wing,1P/S,Light,I,I,,112
TSPT,Fixed-wing,1P/S,Light,I,I,,112
TSTN,Fixed-wing,1P/S,Light,I,I,,112
TSTR,Gyroplane,1P/S,Light,I,I,,112
TTRS,Fixed-wing,1P/S,Light,I,I,,112
TTWO,Fixed-wing,1P/S,Light,I,I,,112
TU16,Fixed-wing,2J/L,Medium,F,III,,112
TU22,Fixed-wing,2J/L,Medium,F,III,,112
TU95,Fixed-wing,4T/H,Heavy,D,III,,112
TUCA,Fixed-wing,1T/S,Light,I,I,,112
TUCR,Fixed-wing,1P/S,Light,I,I,,112
TUCT,Fixed-wing,1T/S,Light,I,I,,112
TUL3,Fixed-wing,1P/S,Light,I,I,,112
TUTR,Fixed-wing,1P/S,Light,I,I,,112
TVL4,Fixed-wing,1P/S,Light,I,I,,112
TVLB,Fixed-wing,1P/S,Light,I,I,,112
TWEN,Fixed-wing,1P/S,Light,I,I,,112
TWIR,Fixed-wing,2P/S,Light,I,II,,112
TWSP,Fixed-wing,1P/S,Light,I,I,,113
TWST,Fixed-wing,1P/S,Light,I,I,,113
TZRV*,Fixed-wing,1J/S,Light,I,III,,113
U15,Fixed-wing,1P/S,Light,I,I,,113
U16,@Fixed-wing,2P/S+,Medium,H,III,4,113
U2*,Fixed-wing,1J/S+,Medium,H,III,,113
U21,Fixed-wing,2T/S,Light,I,II,,113
U22,Fixed-wing,1P/S,Light,I,I,,113
UBAT,Fixed-wing,1P/S,Light,I,I,,113
UF10,Fixed-wing,1P/S,Light,I,I,,113
UF13,Fixed-wing,1P/S,Light,I,I,,113
UFHT,Gyroplane,1P/S,Light,I,I,,113
UH1,Helicopter,1T/S,Light,I,I,,113
UH12,Helicopter,1P/S,Light,I,I,,114
UH1Y,Helicopter,2T/S+,Medium,H,I,,114
UL10,Fixed-wing,1P/S,Light,I,I,,114
UL20,Fixed-wing,1P/S,Light,I,I,,114
UL2F,Fixed-wing,1P/S,Light,I,I,,114
UL39,Fixed-wing,1P/S,Light,I,I,,114
UL45,Fixed-wing,1P/S,Light,I,I,,114
ULPA,Fixed-wing,1P/S,Light,I,I,,114
ULTS,Helicopter,1P/S,Light,I,I,,114
UM18,Gyroplane,1P/S,Light,I,I,,114
UNIV,Fixed-wing,1P/S,Light,I,I,,114
URRA,Fixed-wing,1P/S,Light,I,I,,114
US2,@Fixed-wing,4T/L,Medium,F,III,,114
UT60,Fixed-wing,1P/S,Light,I,I,,114
UT65,Fixed-wing,1P/S,Light,I,I,,114
UT66,Fixed-wing,1P/S,Light,I,I,,114
UT75,Fixed-wing,1P/S,Light,I,I,,114
UU12,Fixed-wing,1P/S,Light,I,I,,114
V1,Fixed-wing,2T/S+,Medium,H,III,,114
V10,Fixed-wing,2T/S+,Light,I,III,,114
V22,Powered-lift,2T/L,Medium,G,II,,114
V221,Fixed-wing,1P/S,Light,I,I,,114
V252,Fixed-wing,1P/S,Light,I,I,,114
V280,Powered-lift,2T/L,Medium,G,III,,114
V322,Fixed-wing,1P/S,Light,I,I,,114
V351,Fixed-wing,1P/S,Light,I,I,,114
V452,Fixed-wing,1T/S,Light,I,I,,114
V500,Helicopter,1P/S,Light,I,I,,114
VALI,Fixed-wing,1P/S,Light,I,I,,115
VAMP*,Fixed-wing,1J/S,Light,I,III,,115
VANT,Fixed-wing,1J/S,Light,I,III,,115
VAUT*,Fixed-wing,2J/L,Medium,G,III,,115
VELO,Fixed-wing,1P/S,Light,I,I,,115
VELT,Fixed-wing,2P/S,Light,I,II,,115
VENT,Fixed-wing,1P/S,Light,I,I,,115
VEZE,Fixed-wing,1P/S,Light,I,I,,115
VF2,Fixed-wing,1P/S,Light,I,I,,115
VF35*,Fixed-wing,1J/L,Medium,G,III,,115
VF60,Fixed-wing,1T/S,Light,I,I,,115
VG3T,Fixed-wing,1P/S,Light,I,I,,115
VGUL,Fixed-wing,1P/S,Light,I,I,,115
VIMA,Fixed-wing,1P/S,Light,I,I,,115
VIPJ*,Fixed-wing,1J/S,Light,I,III,,115
VIPR,Fixed-wing,1P/S,Light,I,I,,115
VISI,Fixed-wing,1P/S,Light,I,I,,115
VIVA,Fixed-wing,1P/S,Light,I,I,,115
VIX,Fixed-wing,1P/S,Light,I,I,,115
VIXN,Fixed-wing,1P/S,Light,I,I,,115
VJ22,@Fixed-wing,1P/S,Light,I,I,,115
VK3P,Fixed-wing,1P/S,Light,I,I,,115
VK3T,Fixed-wing,1T/S,Light,I,I,,115
VL3,Fixed-wing,1P/S,Light,I,I,,115
VL3T,Fixed-wing,1T/S,Light,I,I,,115
VLOT,Fixed-wing,1T/S,Light,I,I,,115
VLTT,Fixed-wing,2T/S,Light,I,II,,115
VM1,Fixed-wing,1P/S,Light,I,I,,115
VNOM*,Fixed-wing,1J/S+,Medium,H,III,,115
VNTE,Fixed-wing,1E/S,Light,I,I,,115
VNTR,Fixed-wing,1P/S,Light,I,I,,115
VO10,Fixed-wing,1P/S,Light,I,I,1,115
VOL2,Fixed-wing,1P/S,Light,I,I,,116
VP2,Fixed-wing,1P/S,Light,I,I,,116
VR20,Fixed-wing,1P/S,Light,I,I,,116
VR7,Fixed-wing,1P/S,Light,I,I,,116
VSON,Fixed-wing,1P/S,Light,I,I,,116
VTOR,Fixed-wing,2T/S,Light,I,II,8,116
VTRA,Fixed-wing,1P/S,Light,I,I,,116
VTUR,Fixed-wing,1P/S,Light,I,I,,116
VUT1,Fixed-wing,1P/S,Light,I,I,,116
VVIG,Fixed-wing,1P/S,Light,I,I,,116
VW10,Fixed-wing,1P/S,Light,I,I,,116
VWIT,Fixed-wing,1P/S,Light,I,I,,116
W11,Fixed-wing,1P/S,Light,I,I,,116
W135,Fixed-wing,4J/H,Heavy,C,III,,116
W201,Fixed-wing,1P/S,Light,I,I,,116
W3,Helicopter,2T/S+,Light,I,I,,116
W5BC,Fixed-wing,1P/S,Light,I,I,,116
W62T,Fixed-wing,1T/S,Light,I,I,,116
WA40,Fixed-wing,1P/S,Light,I,I,,116
WA41,Fixed-wing,1P/S,Light,I,I,,116
WA42,Fixed-wing,1P/S,Light,I,I,,116
WA50,Fixed-wing,1P/S,Light,I,I,,116
WA80,Fixed-wing,1P/S,Light,I,I,,116
WAC9,Fixed-wing,1P/S,Light,I,I,,116
WACA,Fixed-wing,1P/S,Light,I,I,,116
WACC,Fixed-wing,1P/S,Light,I,I,,117
WACD,Fixed-wing,1P/S,Light,I,I,,117
WACE,Fixed-wing,1P/S,Light,I,I,,117
WACF,Fixed-wing,1P/S,Light,I,I,,117
WACG,Fixed-wing,1P/S,Light,I,I,,117
WACM,Fixed-wing,1P/S,Light,I,I,,117
WACN,Fixed-wing,1P/S,Light,I,I,,117
WACO,Fixed-wing,1P/S,Light,I,I,,117
WACT,Fixed-wing,1P/S,Light,I,I,,117
WAIX,Fixed-wing,1P/S,Light,I,I,,118
WASP,Helicopter,1T/S,Light,I,I,,118
WB57*,Fixed-wing,2J/L,Medium,G,III,,118
WBOO,Fixed-wing,1P/S,Light,I,I,,118
WCAT,Fixed-wing,1P/S,Light,I,I,,118
WDEX,Fixed-wing,1P/S,Light,I,I,,118
WESX,Helicopter,2T/S+,Light,I,I,,118
WF4U,Fixed-wing,1P/S,Light,I,I,,118
WFOC,Fixed-wing,1P/S,Light,I,I,,118
WFUR,Fixed-wing,1P/S,Light,I,I,,118
WH1,Fixed-wing,1P/S,Light,I,I,,118
WH4,Fixed-wing,1T/S,Light,I,I,,118
WHAT,Fixed-wing,1P/S,Light,I,I,,118
WHIL,Fixed-wing,1P/S,Light,I,I,,118
WHIS,Fixed-wing,1P/S,Light,I,I,,118
WHIT,Fixed-wing,1P/S,Light,I,I,,118
WHK2,Fixed-wing,4J/L,Medium,F,III,,118
WICH,Fixed-wing,1P/S,Light,I,I,,118
WILT,Fixed-wing,1P/S,Light,I,I,,118
WIND,Fixed-wing,1P/S,Light,I,I,,118
WINE,Fixed-wing,1P/S,Light,I,I,,118
WIRR,Fixed-wing,1P/S,Light,I,I,,118
WISP,Fixed-wing,1P/S,Light,I,I,,118
WLBY,Fixed-wing,1P/S,Light,I,I,,118
WM2,Fixed-wing,1P/S,Light,I,I,,118
WOPU,Fixed-wing,1P/S,Light,I,I,,118
WP40,Fixed-wing,1P/S,Light,I,I,,118
WP47,Fixed-wing,1P/S,Light,I,I,,118
WS22,Fixed-wing,1P/S,Light,I,I,,118
WSP,Fixed-wing,1P/S,Light,I,I,,118
WT10,Fixed-wing,1P/S,Light,I,I,,118
WT9,Fixed-wing,1P/S,Light,I,I,,118
WUSH,@Fixed-wing,1P/S,Light,I,I,,118
WW1,Fixed-wing,1P/S,Light,I,I,,118
WW23,Fixed-wing,2J/S+,Medium,H,III,7,118
WW24,Fixed-wing,2J/S+,Medium,H,III,7,118
WZ10,Helicopter,2T/S+,Light,I,I,,118
WZER,Fixed-wing,1P/S,Light,I,I,,118
X2,Helicopter,1T/S,Light,I,I,,118
X3,Helicopter,2T/S,Light,I,I,,118
X49,Helicopter,2T/S+,Medium,H,I,,118
XA41,Fixed-wing,1P/S,Light,I,I,,118
XA42,Fixed-wing,1P/S,Light,I,I,,119
XA85,Fixed-wing,1P/S,Light,I,I,,119
XAIR,Fixed-wing,1P/S,Light,I,I,,119
XL2,Fixed-wing,1P/S,Light,I,I,,119
XNON,Gyroplane,1P/S,Light,I,I,,119
XNOS,Fixed-wing,1P/S,Light,I,I,,119
Y11,Fixed-wing,2P/S,Light,I,II,,119
Y112,Fixed-wing,1P/S,Light,I,I,,119
Y12,Fixed-wing,2T/S,Light,I,II,,119
Y12F,Fixed-wing,2T/S+,Medium,H,III,,119
Y130*,Fixed-wing,2J/S+,Medium,H,III,,119
Y18T,Fixed-wing,1P/S,Light,I,I,,119
YA1,Fixed-wing,1P/S,Light,I,I,,119
YAK3,Fixed-wing,1P/S,Light,I,I,,119
YAK9,Fixed-wing,1P/S,Light,I,I,,119
YALE,Fixed-wing,1P/S,Light,I,I,,119
YARR,Fixed-wing,1P/S,Light,I,I,,119
YAST,Fixed-wing,1P/S,Light,I,I,,119
YC12,Fixed-wing,1P/S,Light,I,I,,119
YK11,Fixed-wing,1P/S,Light,I,I,,119
YK12,Fixed-wing,1P/S,Light,I,I,,119
YK18,Fixed-wing,1P/S,Light,I,I,,119
YK28*,Fixed-wing,2J/L,Medium,G,III,,119
YK30*,Fixed-wing,1J/S,Light,I,III,,119
YK40,Fixed-wing,3J/S+,Medium,H,III,8,119
YK42,Fixed-wing,3J/L,Medium,F,III,,119
YK50,Fixed-wing,1P/S,Light,I,I,,119
YK52,Fixed-wing,1P/S,Light,I,I,,119
YK53,Fixed-wing,1P/S,Light,I,I,,119
YK54,Fixed-wing,1P/S,Light,I,I,,119
YK55,Fixed-wing,1P/S,Light,I,I,,119
YK58,Fixed-wing,1P/S,Light,I,I,,119
YL15,Fixed-wing,1P/S,Light,I,I,,119
YNHL,Helicopter,2P/S,Light,I,I,,119
YS11,Fixed-wing,2T/L,Medium,F,III,6,120
YUKN,Fixed-wing,1P/S,Light,I,I,,120
YUNO,Fixed-wing,1P/S,Light,I,I,,120
YURO*,Fixed-wing,2J/S+,Medium,H,III,,120
Z22,Fixed-wing,1P/S,Light,I,I,,120
Z26,Fixed-wing,1P/S,Light,I,I,,120
Z37P,Fixed-wing,1P/S,Light,I,I,,120
Z37T,Fixed-wing,1T/S,Light,I,I,,120
Z42,Fixed-wing,1P/S,Light,I,I,,120
Z43,Fixed-wing,1P/S,Light,I,I,,120
Z50,Fixed-wing,1P/S,Light,I,I,,120
ZA6,Helicopter,1P/S,Light,I,I,,120
ZEP2,Fixed-wing,1P/S,Light,I,I,,121
ZEPH,Fixed-wing,1P/S,Light,I,I,,121
ZERO,Fixed-wing,1P/S,Light,I,I,,121
ZIU,Fixed-wing,1P/S,Light,I,I,,121
ZULU,Fixed-wing,1P/S,Light,I,I,,121
