typecode,status,train_flights,openap_2_6_2,ps_model,bada3,bada4,anp,apd_performance_similarity,emissions_databank_engine,notes,segment,openap_2_4,anp_official_substitute,apd_listed,apd_vat_ias_kt,engine_designations,engine_designation_source,faa_acd_model_bada
BCS3,no_dynamics(A320 fallback),1760,none,native,unknown,unknown,substitute:737700,ICAO Code: BCS1 Notes: Lower rates of climb due to higher MTOM,family:16PW112 04P20PW197 16PW111 04P20PW196,EDB family match (reading): PW1521G-3/PW1524G-3 (TCDSN) -> EDB PW1521G / PW1524G,airliner,none,737700,yes,140,PW1521G-3|PW1524G-3,"ANP substitution table, by aircraft configuration (EASA TCDSN)",Bombardier CS300
P28A,no_dynamics(A320 fallback),1335,none,none,yes:3.8-model,unknown,native:PA28,No data,,ANP native = reading of ANP description; ANP ID(s) carry no approach D/R coefficient (fixed-point profiles only),piston_ga,none,,yes,65,,,Piper PA-28-161
CRJ7,no_dynamics(A320 fallback),808,none,synonym:CRJ9,yes:3.8-synonym:CRJ9,unknown,substitute:CL601,No data,07P27GE223 5GE083,,airliner,none,CL601,yes,135,CF34-8C1|CF34-8C5B1,"ANP substitution table, by aircraft configuration (EASA TCDSN)",Bombardier CRJ-700
E55P,no_dynamics(A320 fallback),778,none,none,unknown,unknown,substitute:CNA560XL,No data,,,business_jet,none,CNA560XL,yes,115,PW535E,"ANP substitution table, by aircraft configuration (EASA TCDSN)",Embraer EMB-505 Phenom 300
BCS1,no_dynamics(A320 fallback),607,none,native,unknown,unknown,substitute:737500,ICAO Code: BCS3 Notes: Better rates of climb (lower MTOM),04P20PW196 16PW111,,airliner,none,737500,yes,135,PW1524G,"ANP substitution table, by aircraft configuration (EASA TCDSN)",Bombardier CS100
CL35,no_dynamics(A320 fallback),585,none,none,unknown,unknown,none,ICAO Code: CL30 Notes: CL35 has a bit more range,01P14HN011,,business_jet,none,,yes,125,HTF7350,EUROCONTROL APD power plant,Bombardier Challenger 350
C68A,no_dynamics(A320 fallback),523,none,none,unknown,unknown,none,not in APD (page returns 'No'),,,business_jet,none,,no,,,"ANP substitution table, by aircraft configuration (EASA TCDSN)",Cessna 680A Citation Latitude
PC12,no_dynamics(A320 fallback),336,none,none,yes:3.8-synonym:BE9L,unknown,none,No data,,ANP substitution table excludes light props (MTOW<8618 kg),turboprop,none,,yes,85,,,Pilatus PC-12/45
C700,no_dynamics(A320 fallback),335,none,none,unknown,unknown,none,not in APD (page returns 'No'),,,business_jet,none,,no,,,"ANP substitution table, by aircraft configuration (EASA TCDSN)",Cessna Citation Longitude
C56X,openap_2_4_synonym,327,synonym:C550,none,yes:3.8-synonym:C560,unknown,native:CNA560XL,No data,,OpenAP drag-polar synonym C56X->C550; ANP native = reading of ANP description,business_jet,synonym:C550,CNA560XL,yes,117,PW545A|PW545B|PW545C,"ANP substitution table, by aircraft configuration (EASA TCDSN)",Cessna Citation XLS+
CL60,no_dynamics(A320 fallback),256,none,none,yes:3.8-model,unknown,native:CL601|CL600,No data,01P05GE189 07P05GE220 1GE034 1GE035 5GE084,ANP native = reading of ANP description,business_jet,none,CL601,yes,130,CF34-1A|CF34-3A|CF34-3A1|CF34-3A2|CF34-3B,"ANP substitution table, by aircraft configuration (EASA TCDSN)",Canadair Challenger 604
CL30,no_dynamics(A320 fallback),254,none,none,yes:3.8-synonym:F2TH,unknown,substitute:CL600,ICAO Code: CL35 Notes: CL30 has a bit less range,01P14HN011 11HN003,,business_jet,none,CL600,yes,125,AS907-1-1A|AS907-2-1A,"ANP substitution table, by aircraft configuration (EASA TCDSN)",Bombardier Challenger 300
E545,no_dynamics(A320 fallback),222,none,none,unknown,unknown,substitute:CNA750,not in APD (page returns 'No'),family:01P14HN014 01P14HN015 01P14HN016,EDB family match (reading): AS-907-3-1E (TCDSN) -> EDB AS907-3-1E-A1/-A2/-A3 (HTF7500E),business_jet,none,CNA750,no,,AS-907-3-1E,"ANP substitution table, by aircraft configuration (EASA TCDSN)",Embraer EMB-545 Legacy 450
C25B,no_dynamics(A320 fallback),214,none,none,yes:3.8-synonym:C560,unknown,substitute:CNA525C,No data,,,business_jet,none,CNA525C,yes,108,FJ44-3A,"ANP substitution table, by aircraft configuration (EASA TCDSN)",Cessna Citation CJ3
C208,no_dynamics(A320 fallback),202,none,none,yes:3.8-synonym:PA27,unknown,native:CNA208,No data,,ANP native = reading of ANP description,turboprop,none,,yes,75,,,Cessna 208B
B712,no_dynamics(A320 fallback),188,none,native,yes:3.8-model,unknown,native:717200,No data,4BR002 4BR004 4BR005 4BR007,ANP native = reading of ANP description,airliner,none,717200,yes,139,BR700-715A1-30|BR700-715C1-30,"ANP substitution table, by aircraft configuration (EASA TCDSN)",Boeing B717-200
E75S,no_dynamics(A320 fallback),183,none,native,unknown,unknown,native:EMB175,not in APD (page returns 'No'),07P27GE226 07P27GE227,ANP native = reading of ANP description,airliner,none,EMB175,no,,CF34-8E5|CF34-8E5A1,"ANP substitution table, by aircraft configuration (EASA TCDSN)",Embraer ERJ 170-200 IGW
GLF4,no_dynamics(A320 fallback),175,none,none,yes:3.8-synonym:FA7X,unknown,native:GIV,No data,11RR048,ANP native = reading of ANP description,business_jet,none,GIV,yes,140,Tay 611-8|Tay 611-8C,"ANP substitution table, by aircraft configuration (EASA TCDSN)",Gulfstream IV
B350,no_dynamics(A320 fallback),172,none,none,yes:3.8-synonym:PAY3,unknown,none,No data,,ANP substitution table excludes light props (MTOW<8618 kg),turboprop,none,,yes,110,,,Beechcraft Super King Air 350
GLF5,openap_2_4_synonym,163,synonym:GLF6,native,yes:3.8-synonym:FA7X,unknown,native:GV,No data,01P06BR014 3BR001 4BR008,OpenAP drag-polar synonym GLF5->GLF6; ANP native = reading of ANP description,business_jet,synonym:GLF6,GV,yes,140,BR700-710A1-10|BR700-710C4-11,"ANP substitution table, by aircraft configuration (EASA TCDSN)",Gulfstream G550
C750,no_dynamics(A320 fallback),159,none,none,yes:3.8-model,unknown,native:CNA750,No data,6AL022 6AL023 6AL024 8AL025,ANP native = reading of ANP description,business_jet,none,CNA750,yes,130,AE3007|AE3007 C|AE3007 C1,"ANP substitution table, by aircraft configuration (EASA TCDSN)",Cessna Citation X
GLEX,no_dynamics(A320 fallback),159,none,none,yes:3.8-synonym:C750,unknown,substitute:F10065,No data,01P04BR013,,business_jet,none,F10065,yes,125,BR700-710A2-20,"ANP substitution table, by aircraft configuration (EASA TCDSN)",Bombardier Global 6000
S22T,no_dynamics(A320 fallback),157,none,none,unknown,unknown,none,not in APD (page returns 'No'),,ANP substitution table excludes light props (MTOW<8618 kg),piston_ga,none,,no,,,,Cirrus SR22T
G280,no_dynamics(A320 fallback),156,none,none,unknown,unknown,substitute:EMB145,No data,01P11HN012,,business_jet,none,EMB145,yes,134,AS907-2-1G,"ANP substitution table, by aircraft configuration (EASA TCDSN)",Gulfstream G280
SR22,no_dynamics(A320 fallback),148,none,none,yes:3.8-synonym:TRIN,unknown,none,No data,,ANP substitution table excludes light props (MTOW<8618 kg),piston_ga,none,,yes,70,,,Cirrus SR22
A306,openap_2_4_synonym,145,synonym:A332,native,yes:3.8-model,unknown,native:A300-622R,No data,1GE014 1GE018 1GE020 1PW030 1PW048 2GE036 2GE038 2GE039 3GE056,OpenAP drag-polar synonym A306->A332; ANP native = reading of ANP description,airliner,synonym:A332,A300-622R,yes,139,CF6-80C2A1|CF6-80C2A3|CF6-80C2A5|CF6-80C2A5F|JT9D-7R4H1|PW4158,"ANP substitution table, by aircraft configuration (EASA TCDSN)",Airbus A300B4-622
H25B,no_dynamics(A320 fallback),127,none,none,yes:3.8-synonym:H25A,unknown,substitute:IA1125,No data,1AS002,,business_jet,none,IA1125,yes,125,TFE731-3|TFE731-3-1H|TFE731-3R-1H|TFE731-50R|TFE731-5BR|TFE731-5R-1H,"ANP substitution table, by aircraft configuration (EASA TCDSN)",Hawker 800XP
C680,no_dynamics(A320 fallback),120,none,none,yes:3.8-synonym:F2TH,unknown,native:CNA680,No data,,ANP native = reading of ANP description,business_jet,none,CNA680,yes,125,PW306C|PW306D,"ANP substitution table, by aircraft configuration (EASA TCDSN)",Cessna Citation Sovereign
LJ45,openap_2_4_synonym,113,synonym:GLF6,none,yes:3.8-model,unknown,substitute:LEAR35,No data,,OpenAP drag-polar synonym LJ45->GLF6,business_jet,synonym:GLF6,LEAR35,yes,140,TFE731-20|TFE731-20AR(-1B)|TFE731-20BR-1B|TFE731-20R(-1B)|TFE731-40BR-1B,"ANP substitution table, by aircraft configuration (EASA TCDSN)",Learjet 45
C560,no_dynamics(A320 fallback),107,none,none,yes:3.8-model,unknown,native:CNA560E|CNA560U,No data,1PW037,ANP native = reading of ANP description,business_jet,none,CNA560E|CNA560U,yes,110,JT15D-5A|JT15D-5D|PW535A|PW535B,"ANP substitution table, by aircraft configuration (EASA TCDSN)",Cessna Citation V
BE20,no_dynamics(A320 fallback),100,none,none,yes:3.8-model,unknown,none,No data,,ANP substitution table excludes light props (MTOW<8618 kg),turboprop,none,,yes,100,,,Beechcraft Super King Air B200
GA6C,no_dynamics(A320 fallback),89,none,none,unknown,unknown,none,not in APD (page returns 'No'),,,business_jet,none,,no,,,"ANP substitution table, by aircraft configuration (EASA TCDSN)",Gulfstream G600 (G-7)
GL7T,no_dynamics(A320 fallback),88,none,none,unknown,unknown,none,not in APD (page returns 'No'),,,business_jet,none,,no,,,"ANP substitution table, by aircraft configuration (EASA TCDSN)",Bombardier Global 7500
GL5T,openap_2_4_synonym,82,synonym:GLF6,none,yes:3.8-synonym:C750,unknown,substitute:GV,No data,01P04BR013,OpenAP drag-polar synonym GL5T->GLF6,business_jet,synonym:GLF6,GV,yes,122,BR700-710A2-20,"ANP substitution table, by aircraft configuration (EASA TCDSN)",Bombardier Global 5000
F2TH,no_dynamics(A320 fallback),80,none,none,yes:3.8-model,unknown,substitute:CL600|CL601,No data,7PW080,,business_jet,none,CL600|CL601,yes,110,CFE738-1-1B|PW308C,"ANP substitution table, by aircraft configuration (EASA TCDSN)",Dassault Falcon 2000EX
BE36,no_dynamics(A320 fallback),77,none,none,yes:3.8-synonym:DA42,unknown,none,No data,,ANP substitution table excludes light props (MTOW<8618 kg),piston_ga,none,,yes,70,,,Beechcraft Bonanza G36
CRJ2,openap_2_4_synonym,75,synonym:E145,none,yes:3.8-model,unknown,substitute:CL601,No data,01P05GE189,OpenAP drag-polar synonym CRJ2->E75L,airliner,synonym:E145,CL601,yes,140,CF34-3B1,"ANP substitution table, by aircraft configuration (EASA TCDSN)",Canadair CRJ-200
C25M,no_dynamics(A320 fallback),73,none,none,unknown,unknown,none,No data,,,business_jet,none,,yes,105,FJ44-1AP-21,EUROCONTROL APD power plant,Cessna 525 Citation M2
SF50,no_dynamics(A320 fallback),69,none,none,unknown,unknown,none,not in APD (page returns 'No'),,,business_jet,none,,no,,,"ANP substitution table, by aircraft configuration (EASA TCDSN)",Cirrus SF50 Vision
PC24,openap_2_4_synonym,68,synonym:C550,none,unknown,unknown,none,not in APD (page returns 'No'),,OpenAP drag-polar synonym PC24->GLF6,business_jet,synonym:C550,,no,,,"ANP substitution table, by aircraft configuration (EASA TCDSN)",Pilatus PC-24
DA40,no_dynamics(A320 fallback),64,none,none,unknown,unknown,none,,,BADA 3.8 (2010) listed it as NOT covered; ANP substitution table excludes light props (MTOW<8618 kg),piston_ga,none,,yes,,,,Diamond DA40 NG
BE58,no_dynamics(A320 fallback),63,none,none,yes:3.8-model,unknown,native:BEC58P,,,ANP native = reading of ANP description,piston_ga,none,,yes,,,,Beechcraft Baron 58
BE40,no_dynamics(A320 fallback),62,none,none,yes:3.8-synonym:C560,unknown,substitute:MU3001,No data,1PW037,,business_jet,none,MU3001,yes,120,FJ44-3AP|JT15D-5|JT15D-5R,"ANP substitution table, by aircraft configuration (EASA TCDSN)",Hawker 400XP
C25A,openap_2_4_synonym,61,synonym:C550,none,yes:3.8-synonym:C560,unknown,substitute:CNA525C,No data,,OpenAP drag-polar synonym C25A->C550,business_jet,synonym:C550,CNA525C,yes,110,FJ44-2C|FJ44-3A-24,"ANP substitution table, by aircraft configuration (EASA TCDSN)",Cessna Citation CJ2+
C408,no_dynamics(A320 fallback),60,none,none,unknown,unknown,none,,,ANP substitution table excludes light props (MTOW<8618 kg),turboprop,none,,no,,,,
LJ60,no_dynamics(A320 fallback),59,none,none,yes:3.8-synonym:LJ45,unknown,substitute:CNA560XL,No data,,,business_jet,none,CNA560XL,yes,140,PW305A,"ANP substitution table, by aircraft configuration (EASA TCDSN)",Learjet 60XR
E550,no_dynamics(A320 fallback),52,none,none,unknown,unknown,none,,,,business_jet,none,,no,,,"ANP substitution table, by aircraft configuration (EASA TCDSN)",Embraer EMB-550 Legacy 500
F900,no_dynamics(A320 fallback),52,none,none,yes:3.8-model,unknown,substitute:EMB14L,No data,,,business_jet,none,EMB14L,yes,110,TFE731-5AR(-1C)|TFE731-5BR(-1C)|TFE731-60(-1C),"ANP substitution table, by aircraft configuration (EASA TCDSN)",Dassault Falcon 900EX
C25C,no_dynamics(A320 fallback),51,none,none,unknown,unknown,native:CNA525C,No data,,ANP native = reading of ANP description,business_jet,none,,yes,110,FJ44-4A,EUROCONTROL APD power plant,Cessna Citation CJ4
TBM9,no_dynamics(A320 fallback),47,none,none,unknown,unknown,none,,,ANP substitution table excludes light props (MTOW<8618 kg),turboprop,none,,no,,,,Socata TBM-930
C525,openap_2_4_synonym,47,synonym:C550,none,yes:3.8-synonym:C550,unknown,substitute:CNA525C,No data,,OpenAP drag-polar synonym C525->C550,business_jet,synonym:C550,CNA525C,yes,110,FJ44-1A|FJ44-1AP|FJ44-4A,"ANP substitution table, by aircraft configuration (EASA TCDSN)",Cessna Citation CJ1+
GALX,no_dynamics(A320 fallback),45,none,none,yes:3.8-synonym:F2TH,unknown,substitute:EMB145,No data,7PW077,,business_jet,none,EMB145,yes,130,PW306A,"ANP substitution table, by aircraft configuration (EASA TCDSN)",IAI 1126 Galaxy
P28R,no_dynamics(A320 fallback),43,none,none,yes:3.8-synonym:DA42,unknown,none,,,ANP substitution table excludes light props (MTOW<8618 kg),piston_ga,none,,yes,,,,Piper PA-28R-201
BE9L,no_dynamics(A320 fallback),43,none,none,yes:3.8-model,unknown,none,,,ANP substitution table excludes light props (MTOW<8618 kg),turboprop,none,,yes,,,,Beechcraft King Air E90
BE35,no_dynamics(A320 fallback),40,none,none,unknown,unknown,none,,,BADA 3.8 (2010) listed it as NOT covered; ANP substitution table excludes light props (MTOW<8618 kg),piston_ga,none,,no,,,,Beech 35 Bonanza
GA7C,no_dynamics(A320 fallback),40,none,none,unknown,unknown,none,,,,business_jet,none,,no,,,"ANP substitution table, by aircraft configuration (EASA TCDSN)",
C82T,no_dynamics(A320 fallback),39,none,none,unknown,unknown,none,,,ANP substitution table excludes light props (MTOW<8618 kg),piston_ga,none,,no,,,,
P180,no_dynamics(A320 fallback),39,none,none,yes:3.8-synonym:C550,unknown,none,,,ANP substitution table excludes light props (MTOW<8618 kg),turboprop,none,,yes,,,,Piaggio P.180 Avanti II
PA38,no_dynamics(A320 fallback),38,none,none,unknown,unknown,none,,,BADA 3.8 (2010) listed it as NOT covered; ANP substitution table excludes light props (MTOW<8618 kg),piston_ga,none,,yes,,,,Piper PA-38 Tomahawk
AT43,no_dynamics(A320 fallback),37,none,none,yes:3.8-model,unknown,substitute:DHC8,,,,airliner,none,DHC8,yes,,,,ATR 42-300
T210,no_dynamics(A320 fallback),35,none,none,unknown,unknown,none,,,ANP substitution table excludes light props (MTOW<8618 kg),piston_ga,none,,no,,,,Cessna T210M
HDJT,no_dynamics(A320 fallback),34,none,none,unknown,unknown,substitute:CNA55B,No data,,,business_jet,none,CNA55B,yes,112,HF 120-H1A,"ANP substitution table, by aircraft configuration (EASA TCDSN)",Honda HA-420 HondaJet
PRM1,no_dynamics(A320 fallback),34,none,none,yes:3.8-synonym:C560,unknown,substitute:CNA55B,No data,,,business_jet,none,CNA55B,yes,95,FJ44-2A,"ANP substitution table, by aircraft configuration (EASA TCDSN)",Hawker Beechcraft Premier IA
GA5C,no_dynamics(A320 fallback),32,none,none,unknown,unknown,none,,,,business_jet,none,,no,,,"ANP substitution table, by aircraft configuration (EASA TCDSN)",Gulfstream G500 (G-7)
M20P,no_dynamics(A320 fallback),30,none,none,yes:3.8-synonym:TRIN,unknown,none,,,ANP substitution table excludes light props (MTOW<8618 kg),piston_ga,none,,yes,,,,Mooney M20R Ovation 2 GX
P46T,no_dynamics(A320 fallback),28,none,none,yes:3.8-synonym:BE9L,unknown,none,,,ANP substitution table excludes light props (MTOW<8618 kg),turboprop,none,,yes,,,,Piper PA-46-500TP
C510,no_dynamics(A320 fallback),26,none,none,yes:3.8-model,unknown,native:CNA510,,,ANP native = reading of ANP description,business_jet,none,CNA510,no,,PW615F-A,"ANP substitution table, by aircraft configuration (EASA TCDSN)",Cessna Citation Mustang
C425,no_dynamics(A320 fallback),26,none,none,yes:3.8-synonym:PAY2,unknown,none,,,ANP substitution table excludes light props (MTOW<8618 kg),turboprop,none,,yes,,,,Cessna 425 Corsair
FA7X,no_dynamics(A320 fallback),26,none,none,yes:3.8-model,unknown,substitute:CRJ9-ER,No data,03P15PW193 03P16PW192,,business_jet,none,CRJ9-ER,yes,104,PW307A|PW307D,"ANP substitution table, by aircraft configuration (EASA TCDSN)",Dassault Falcon 7X
GA8C,no_dynamics(A320 fallback),25,none,none,unknown,unknown,none,,,,business_jet,none,,no,,,"ANP substitution table, by aircraft configuration (EASA TCDSN)",
C650,no_dynamics(A320 fallback),24,none,none,yes:3.8-synonym:H25A,unknown,native:CIT3,No data,,ANP native = reading of ANP description,business_jet,none,CIT3,yes,130,TFE731-3B-100S|TFE731-3BR-100S|TFE731-3C-100S|TFE731-3CR-100S|TFE731-4R-()|TFE731-4R-2S,"ANP substitution table, by aircraft configuration (EASA TCDSN)",Cessna Citation VII
EPIC,no_dynamics(A320 fallback),24,none,none,unknown,unknown,none,,,ANP substitution table excludes light props (MTOW<8618 kg),turboprop,none,,no,,,,
FA50,no_dynamics(A320 fallback),24,none,none,yes:3.8-model,unknown,substitute:FAL20,No data,1AS002,,business_jet,none,FAL20,yes,130,TFE731-3(-1C)|TFE731-3D-1C|TFE731-4-1C|TFE731-40(-1C),"ANP substitution table, by aircraft configuration (EASA TCDSN)",Dassault Falcon 50EX
P32R,no_dynamics(A320 fallback),24,none,none,yes:3.8-synonym:TRIN,unknown,none,,,ANP substitution table excludes light props (MTOW<8618 kg),piston_ga,none,,yes,,,,Piper PA-32R-301T Turbo Sarato
BE30,no_dynamics(A320 fallback),23,none,none,yes:3.8-synonym:PAY3,unknown,none,,,ANP substitution table excludes light props (MTOW<8618 kg),turboprop,none,,no,,,,Beech Super King Air 300
E50P,no_dynamics(A320 fallback),21,none,none,yes:3.8-synonym:C550,unknown,substitute:CNA510,No data,,,business_jet,none,CNA510,yes,120,PW617F-E|PW617F-E/1,"ANP substitution table, by aircraft configuration (EASA TCDSN)",Embraer EMB-500 Phenom 100
BE95,no_dynamics(A320 fallback),21,none,none,yes:3.8-synonym:TRIN,unknown,none,,,ANP substitution table excludes light props (MTOW<8618 kg),piston_ga,none,,yes,,,,Beech 95 Travel Air
LJ31,no_dynamics(A320 fallback),19,none,none,yes:3.8-synonym:LJ45,unknown,substitute:LEAR35,No data,,,business_jet,none,LEAR35,yes,120,TFE731-2-3B,"ANP substitution table, by aircraft configuration (EASA TCDSN)",Learjet 31
C150,no_dynamics(A320 fallback),18,none,none,unknown,unknown,none,,,BADA 3.8 (2010) listed it as NOT covered; ANP substitution table excludes light props (MTOW<8618 kg),piston_ga,none,,yes,,,,Cessna 150
BT36,no_dynamics(A320 fallback),17,none,none,unknown,unknown,none,,,ANP substitution table excludes light props (MTOW<8618 kg),piston_ga,none,,no,,,,Beech Bonanza B36TC
A30B,no_dynamics(A320 fallback),17,none,native,yes:3.8-model,unknown,native:A300B4-203,No data,1GE006 1GE008 1PW033 3GE070 3GE072 3GE074,ANP native = reading of ANP description,airliner,none,A300B4-203,yes,141,CF6-50C|CF6-50C2|CF6-50C2R|JT9D-59A,"ANP substitution table, by aircraft configuration (EASA TCDSN)",Airbus A300B4-203
E35L,no_dynamics(A320 fallback),17,none,none,unknown,unknown,none,,,,business_jet,none,,no,,,"ANP substitution table, by aircraft configuration (EASA TCDSN)",Embraer EMB-135BJ Legacy 600
C182,no_dynamics(A320 fallback),16,none,none,yes:3.8-synonym:TRIN,unknown,native:CNA182,,,ANP native = reading of ANP description,piston_ga,none,,yes,,,,Cessna 182T Skylane
DA42,no_dynamics(A320 fallback),16,none,none,yes:3.8-model,unknown,none,,,ANP substitution table excludes light props (MTOW<8618 kg),piston_ga,none,,yes,,,,Diamond DA42 Twin Star
PA46,no_dynamics(A320 fallback),15,none,none,unknown,unknown,none,,,BADA 3.8 (2010) listed it as NOT covered; ANP substitution table excludes light props (MTOW<8618 kg),piston_ga,none,,yes,,,,Piper PA-46-350P
G150,no_dynamics(A320 fallback),15,none,none,yes:3.8-synonym:LJ35,unknown,substitute:IA1125,No data,,,business_jet,none,IA1125,yes,130,TFE731-40AR-200G,"ANP substitution table, by aircraft configuration (EASA TCDSN)",Gulfstream G150
PA34,no_dynamics(A320 fallback),15,none,none,yes:3.8-model,unknown,none,,,ANP substitution table excludes light props (MTOW<8618 kg),piston_ga,none,,yes,,,,Piper PA-34-220T
C82R,no_dynamics(A320 fallback),14,none,none,yes:3.8-synonym:TRIN,unknown,none,,,ANP substitution table excludes light props (MTOW<8618 kg),piston_ga,none,,yes,,,,Cessna R182 Skylane RG
AA5,no_dynamics(A320 fallback),14,none,none,yes:3.8-synonym:P28A,unknown,none,,,ANP substitution table excludes light props (MTOW<8618 kg),piston_ga,none,,no,,,,Grumman American AA-5 Cheetah
C340,no_dynamics(A320 fallback),14,none,none,yes:3.8-synonym:PA31,unknown,none,,,ANP substitution table excludes light props (MTOW<8618 kg),piston_ga,none,,yes,,,,Cessna 340A
TBM7,no_dynamics(A320 fallback),14,none,none,yes:3.8-synonym:PAY3,unknown,none,,,ANP substitution table excludes light props (MTOW<8618 kg),turboprop,none,,yes,,,,Socata TBM-700
SW4,no_dynamics(A320 fallback),12,none,none,yes:3.8-model,unknown,none,,,ANP substitution table excludes light props (MTOW<8618 kg),turboprop,none,,yes,,,,Swearingen SA227-AC Metro III
PA32,no_dynamics(A320 fallback),12,none,none,yes:3.8-synonym:TRIN,unknown,none,,,ANP substitution table excludes light props (MTOW<8618 kg),piston_ga,none,,yes,,,,Piper PA-32-301T Turbo Saratog
PA44,no_dynamics(A320 fallback),12,none,none,yes:3.8-synonym:TRIN,unknown,none,,,ANP substitution table excludes light props (MTOW<8618 kg),piston_ga,none,,yes,,,,Piper PA-44-180 Seminole
C414,no_dynamics(A320 fallback),12,none,none,yes:3.8-synonym:PA31,unknown,none,,,ANP substitution table excludes light props (MTOW<8618 kg),piston_ga,none,,yes,,,,Cessna 414A
SR20,no_dynamics(A320 fallback),12,none,none,unknown,unknown,none,,,BADA 3.8 (2010) listed it as NOT covered; ANP substitution table excludes light props (MTOW<8618 kg),piston_ga,none,,yes,,,,Cirrus SR20
FA8X,no_dynamics(A320 fallback),11,none,none,unknown,unknown,none,,,,business_jet,none,,no,,,"ANP substitution table, by aircraft configuration (EASA TCDSN)",Dassault Falcon 8X
C82S,no_dynamics(A320 fallback),10,none,none,unknown,unknown,none,,,ANP substitution table excludes light props (MTOW<8618 kg),piston_ga,none,,no,,,,
BE33,no_dynamics(A320 fallback),10,none,none,yes:3.8-synonym:TRIN,unknown,none,,,ANP substitution table excludes light props (MTOW<8618 kg),piston_ga,none,,yes,,,,Beech 33 Bonanza
T206,no_dynamics(A320 fallback),10,none,none,unknown,unknown,native:CNA20T,,,ANP native = reading of ANP description,piston_ga,none,,no,,,,
DA62,no_dynamics(A320 fallback),9,none,none,unknown,unknown,none,,,ANP substitution table excludes light props (MTOW<8618 kg),piston_ga,none,,no,,,,
B762,openap_2_4_synonym,9,synonym:B763,native,yes:3.8-model,unknown,native:767CF6|767JT9,No data,12PW101 1GE010 1GE012 1GE025 1GE026 1GE027 1GE028 1GE030 1PW026 1PW027 1PW041 1PW042 1PW043 2GE042 2GE043 2GE046 2GE047 2GE054 2GE055,OpenAP drag-polar synonym B762->B752; ANP native = reading of ANP description,airliner,synonym:B763,767CF6|767JT9,yes,135,CF6-80A|CF6-80A2|CF6-80C2B2|CF6-80C2B2F|CF6-80C2B4|CF6-80C2B4F|CF6-80C2B6F|CF6-80C2B7F|JT9D-7R4D|JT9D-7R4E|PW4050|PW4052|PW4056|PW4060|PW4060A,"ANP substitution table, by aircraft configuration (EASA TCDSN)",Boeing B767-200
LJ35,no_dynamics(A320 fallback),8,none,none,yes:3.8-model,unknown,native:LEAR35,No data,1AS001,ANP native = reading of ANP description,business_jet,none,LEAR35,yes,125,TFE731-2-2B|TFE731-2C|TFE731-2C-2B,"ANP substitution table, by aircraft configuration (EASA TCDSN)",Learjet 35
C210,no_dynamics(A320 fallback),7,none,none,yes:3.8-synonym:TRIN,unknown,none,,,ANP substitution table excludes light props (MTOW<8618 kg),piston_ga,none,,yes,,,,Cessna 210M
P28B,no_dynamics(A320 fallback),7,none,none,yes:3.8-synonym:TRIN,unknown,none,,,ANP substitution table excludes light props (MTOW<8618 kg),piston_ga,none,,no,,,,Piper PA-28-236 Dakota
G200,no_dynamics(A320 fallback),7,none,none,unknown,unknown,none,,,BADA 3.8 (2010) listed it as NOT covered; ANP substitution table excludes light props (MTOW<8618 kg),piston_ga,none,,no,,,,
TBM8,no_dynamics(A320 fallback),7,none,none,yes:3.8-synonym:BE20,unknown,none,,,ANP substitution table excludes light props (MTOW<8618 kg),turboprop,none,,yes,,,,Socata TBM-850
FA20,no_dynamics(A320 fallback),7,none,none,yes:3.8-model,unknown,native:FAL20,No data,,ANP native = reading of ANP description,business_jet,none,FAL20,yes,110,ATF 3-6-2C|ATF 3-6A-4C|ATF-3-6A-4C|CF700-2D-2|CF700-2D-2-Q|TFE731-5AR-2C|TFE731-5BR-2C,"ANP substitution table, by aircraft configuration (EASA TCDSN)",Dassault Falcon 20
FA10,no_dynamics(A320 fallback),7,none,none,yes:3.8-model,unknown,substitute:LEAR35,No data,,,business_jet,none,LEAR35,yes,110,TFE731-2-1C|TFE731-2C-1C,"ANP substitution table, by aircraft configuration (EASA TCDSN)",Dassault Falcon 10
H64,no_dynamics(A320 fallback),7,none,none,unknown,unknown,none,,,,rotorcraft,none,,yes,,,,
B78X,no_dynamics(A320 fallback),6,none,native,unknown,unknown,none,No data,,"EDB: GEnx-1B / Trent 1000 TEN (APD, rating not given) -> EDB GEnx-1B* family; rating unknown, no UID assigned",airliner,none,,yes,150,GEnx-1B|Trent 1000 TEN,EUROCONTROL APD power plant,Boeing B787-10
COL4,no_dynamics(A320 fallback),6,none,none,yes:3.8-synonym:TRIN,unknown,none,,,ANP substitution table excludes light props (MTOW<8618 kg),piston_ga,none,,no,,,,Cessna 400 Corvalis TT
C30J,no_dynamics(A320 fallback),6,none,none,yes:3.8-synonym:C130,unknown,none,,,,military,none,,yes,,,,Lockheed Martin C-130J
PA24,no_dynamics(A320 fallback),6,none,none,unknown,unknown,none,,,BADA 3.8 (2010) listed it as NOT covered; ANP substitution table excludes light props (MTOW<8618 kg),piston_ga,none,,no,,,,Piper PA-24 Comanche
GA8,no_dynamics(A320 fallback),6,none,none,unknown,unknown,none,,,BADA 3.8 (2010) listed it as NOT covered; ANP substitution table excludes light props (MTOW<8618 kg),piston_ga,none,,no,,,,
P28S,no_dynamics(A320 fallback),6,none,none,unknown,unknown,none,,,ANP substitution table excludes light props (MTOW<8618 kg),piston_ga,none,,no,,,,
EC20,no_dynamics(A320 fallback),5,none,none,yes:3.8-synonym:HELI,unknown,none,,,,rotorcraft,none,,no,,,,
AEST,no_dynamics(A320 fallback),5,none,none,yes:3.8-synonym:MU2,unknown,none,,,ANP substitution table excludes light props (MTOW<8618 kg),piston_ga,none,,yes,,,,Piper Aerostar
M700,no_dynamics(A320 fallback),5,none,none,unknown,unknown,none,,,ANP substitution table excludes light props (MTOW<8618 kg),turboprop,none,,no,,,,
M600,no_dynamics(A320 fallback),5,none,none,unknown,unknown,none,,,ANP substitution table excludes light props (MTOW<8618 kg),turboprop,none,,yes,,,,
C421,no_dynamics(A320 fallback),5,none,none,yes:3.8-model,unknown,none,,,ANP substitution table excludes light props (MTOW<8618 kg),piston_ga,none,,yes,,,,Cessna 421C
SB20,no_dynamics(A320 fallback),5,none,none,yes:3.8-model,unknown,substitute:SF340,,,,airliner,none,SF340,yes,,,,Saab 2000
EA50,no_dynamics(A320 fallback),4,none,none,yes:3.8-model,unknown,native:ECLIPSE500,,,ANP native = reading of ANP description,business_jet,none,ECLIPSE500,no,,PW610F-A,"ANP substitution table, by aircraft configuration (EASA TCDSN)",Eclipse EA500
RV6,no_dynamics(A320 fallback),4,none,none,unknown,unknown,none,,,ANP substitution table excludes light props (MTOW<8618 kg),piston_ga,none,,no,,,,
D328,no_dynamics(A320 fallback),4,none,none,yes:3.8-model,unknown,native:DO328,,,ANP native = reading of ANP description,airliner,none,DO328,yes,,,,Dornier 328
MD88,no_dynamics(A320 fallback),4,none,synonym:MD82,yes:3.8-synonym:MD82,unknown,substitute:MD83,No data,1PW019 4PW069 4PW070 4PW071,,airliner,none,MD83,yes,130,JT8D-217A|JT8D-217C|JT8D-219,"ANP substitution table, by aircraft configuration (EASA TCDSN)",McDonnell Douglas MD-88
T38,no_dynamics(A320 fallback),4,none,none,unknown,unknown,none,No data,,BADA 3.8 (2010) listed it as NOT covered,military,none,,yes,160,J85-GE-5,EUROCONTROL APD power plant,Northrop T-38 Talon
H25C,no_dynamics(A320 fallback),4,none,none,yes:3.8-synonym:FA20,unknown,substitute:IA1125,No data,,,business_jet,none,IA1125,yes,132,PW305|PW305B,"ANP substitution table, by aircraft configuration (EASA TCDSN)",Hawker 1000
K100,no_dynamics(A320 fallback),4,none,none,unknown,unknown,none,,,ANP substitution table excludes light props (MTOW<8618 kg),turboprop,none,,no,,,,
EC45,no_dynamics(A320 fallback),4,none,none,yes:3.8-synonym:HELI,unknown,none,,,,rotorcraft,none,,no,,,,
B190,no_dynamics(A320 fallback),3,none,none,yes:3.8-synonym:JS32,unknown,native:1900D,,,"ANP native = reading of ANP description; ANP 1900D also carries an orphan approach row A_40D identical to 717200's (D=0.416345, R=0.140491); its DEFAULT approach uses 35-A",turboprop,none,,yes,,,,Beech 1900D
MD83,no_dynamics(A320 fallback),3,none,native,yes:3.8-model,unknown,native:MD83,No data,1PW018 1PW019 4PW068 4PW069 4PW070 4PW071,ANP native = reading of ANP description; ANP ID(s) carry no approach D/R coefficient (fixed-point profiles only),airliner,none,MD83,yes,137,JT8D-217|JT8D-217A|JT8D-217C|JT8D-219,"ANP substitution table, by aircraft configuration (EASA TCDSN)",McDonnell Douglas MD-83
C185,no_dynamics(A320 fallback),3,none,none,unknown,unknown,none,,,BADA 3.8 (2010) listed it as NOT covered; ANP substitution table excludes light props (MTOW<8618 kg),piston_ga,none,,no,,,,Cessna 185 Skywagon
E120,no_dynamics(A320 fallback),3,none,none,yes:3.8-model,unknown,native:EMB120,,,ANP native = reading of ANP description,airliner,none,EMB120,yes,,,,Embraer EMB-120
BE9T,no_dynamics(A320 fallback),3,none,none,yes:3.8-synonym:BE9L,unknown,none,,,ANP substitution table excludes light props (MTOW<8618 kg),turboprop,none,,no,,,,Beech 90 (F90) King Air
H25A,no_dynamics(A320 fallback),3,none,none,yes:3.8-model,unknown,substitute:IA1125,No data,,,business_jet,none,IA1125,yes,125,TFE731-3-1H|TFE731-3R-1H|Viper 520|Viper 522|Viper 601|Viper 601-22|Viper 601-22A|Viper 601-22B,"ANP substitution table, by aircraft configuration (EASA TCDSN)",Hawker Siddeley HS.125-3B
GLF3,no_dynamics(A320 fallback),2,none,none,yes:3.8-synonym:FA7X,unknown,native:GIIB,No data,,ANP native = reading of ANP description,business_jet,none,GIIB,yes,135,Spey 511-8,"ANP substitution table, by aircraft configuration (EASA TCDSN)",Gulfstream III
F5,no_dynamics(A320 fallback),2,none,none,yes:3.8-synonym:FGTN,unknown,none,No data,,,military,none,,yes,170,J85-GE-13|J85-GE-21B,EUROCONTROL APD power plant,
B36T,no_dynamics(A320 fallback),2,none,none,unknown,unknown,none,,,BADA 3.8 (2010) listed it as NOT covered; ANP substitution table excludes light props (MTOW<8618 kg),turboprop,none,,no,,,,Beech Bonanza 36 Turbine
LJ40,no_dynamics(A320 fallback),2,none,none,yes:3.8-synonym:LJ45,unknown,none,No data,,,business_jet,none,,yes,115,TFE731-20AR|TFE731-20BR,EUROCONTROL APD power plant,Learjet 40
HA4T,no_dynamics(A320 fallback),2,none,none,unknown,unknown,substitute:EMB145,,01P07PW145,BADA 3.8 (2010) listed it as NOT covered,business_jet,none,EMB145,no,,PW308A,"ANP substitution table, by aircraft configuration (EASA TCDSN)",Hawker 4000
E135,no_dynamics(A320 fallback),2,none,native,yes:3.8-model,unknown,substitute:EMB145,No data,01P06AL030 01P06AL031 01P06AL032 01P06AL034 01P10AL033 6AL011 6AL012 6AL014 6AL015 6AL017 6AL018,,airliner,none,EMB145,yes,130,AE3007 A1/3|AE3007 A1E|AE3007 A1P|AE3007 A2|AE3007 A3,"ANP substitution table, by aircraft configuration (EASA TCDSN)",Embraer EMB-135LR
C27J,no_dynamics(A320 fallback),2,none,none,unknown,unknown,none,,,BADA 3.8 (2010) listed it as NOT covered,military,none,,no,,,,
RV14,no_dynamics(A320 fallback),2,none,none,unknown,unknown,none,,,ANP substitution table excludes light props (MTOW<8618 kg),piston_ga,none,,no,,,,
PA31,no_dynamics(A320 fallback),2,none,none,yes:3.8-model,unknown,native:PA31,,,ANP native = reading of ANP description; ANP ID(s) carry no approach D/R coefficient (fixed-point profiles only),piston_ga,none,,yes,,,,Piper PA-31 Navajo C
TEX2,no_dynamics(A320 fallback),2,none,none,unknown,unknown,none,,,BADA 3.8 (2010) listed it as NOT covered,military,none,,no,,,,Raytheon T-6B
RV7,no_dynamics(A320 fallback),2,none,none,unknown,unknown,none,,,ANP substitution table excludes light props (MTOW<8618 kg),piston_ga,none,,no,,,,
C310,no_dynamics(A320 fallback),2,none,none,yes:3.8-synonym:PA34,unknown,none,,,ANP substitution table excludes light props (MTOW<8618 kg),piston_ga,none,,yes,,,,Cessna 310R
PA27,no_dynamics(A320 fallback),2,none,none,yes:3.8-model,unknown,none,,,ANP substitution table excludes light props (MTOW<8618 kg),piston_ga,none,,yes,,,,Piper PA-23-250 Aztec D
P32T,no_dynamics(A320 fallback),2,none,none,unknown,unknown,none,,,BADA 3.8 (2010) listed it as NOT covered; ANP substitution table excludes light props (MTOW<8618 kg),piston_ga,none,,no,,,,Piper PA-32RT-300T Turbo Lance
AC11,no_dynamics(A320 fallback),2,none,none,unknown,unknown,none,,,BADA 3.8 (2010) listed it as NOT covered; ANP substitution table excludes light props (MTOW<8618 kg),piston_ga,none,,yes,,,,Rockwell Commander 115
P210,no_dynamics(A320 fallback),2,none,none,unknown,unknown,none,,,BADA 3.8 (2010) listed it as NOT covered; ANP substitution table excludes light props (MTOW<8618 kg),piston_ga,none,,no,,,,Cessna P210 Pressurized
C404,no_dynamics(A320 fallback),2,none,none,yes:3.8-synonym:C421,unknown,none,,,ANP substitution table excludes light props (MTOW<8618 kg),piston_ga,none,,yes,,,,Cessna 404 Titan
TWEN,no_dynamics(A320 fallback),2,none,none,unknown,unknown,none,,,ANP substitution table excludes light props (MTOW<8618 kg),piston_ga,none,,no,,,,
C441,no_dynamics(A320 fallback),1,none,none,yes:3.8-synonym:PAY3,unknown,native:CNA441,,,ANP native = reading of ANP description,turboprop,none,,yes,,,,Cessna 441 Conquest
C72R,no_dynamics(A320 fallback),1,none,none,yes:3.8-synonym:TRIN,unknown,none,,,ANP substitution table excludes light props (MTOW<8618 kg),piston_ga,none,,no,,,,Cessna 172RG Cutlass RG
C501,no_dynamics(A320 fallback),1,none,none,yes:3.8-synonym:C550,unknown,substitute:CNA500,,,,business_jet,none,CNA500,no,,FJ44-2A|JT15D-1A|JT15D-1B,"ANP substitution table, by aircraft configuration (EASA TCDSN)",Cessna 501 Citation 1SP
B753,no_dynamics(A320 fallback),1,none,native,yes:3.8-model,unknown,native:757300,No data,4PW072 4PW073,"ANP native = reading of ANP description; ANP ID(s) carry no approach D/R coefficient (fixed-point profiles only); EDB: RB211-535E4(-B)-37 (TCDSN) -> EDB RB211-535E4 / -535E4B; rating unknown, no UID assigned",airliner,none,757300,yes,143,PW2037|PW2040|PW2043|RB211-535E4-37|RB211-535E4B-37|RB211-535E4C-37,"ANP substitution table, by aircraft configuration (EASA TCDSN)",Boeing B757-300
BL17,no_dynamics(A320 fallback),1,none,none,unknown,unknown,none,,,BADA 3.8 (2010) listed it as NOT covered; ANP substitution table excludes light props (MTOW<8618 kg),piston_ga,none,,no,,,,Bellanca 17 Viking
C152,no_dynamics(A320 fallback),1,none,none,unknown,unknown,none,,,BADA 3.8 (2010) listed it as NOT covered; ANP substitution table excludes light props (MTOW<8618 kg),piston_ga,none,,yes,,,,Cessna 152
AC95,no_dynamics(A320 fallback),1,none,none,yes:3.8-synonym:PAY3,unknown,none,,,ANP substitution table excludes light props (MTOW<8618 kg),turboprop,none,,yes,,,,Rockwell Jetprop Commander 980
LJ55,no_dynamics(A320 fallback),1,none,none,yes:3.8-synonym:LJ45,unknown,substitute:LEAR35,No data,,,business_jet,none,LEAR35,yes,140,TFE731-3AR-2B|TFE731-3AR-2B1|TFE731-3AR-3B|TFE731-3AR-3B1|TFE731-3C(R),"ANP substitution table, by aircraft configuration (EASA TCDSN)",Learjet 55
AS55,no_dynamics(A320 fallback),1,none,none,yes:3.8-synonym:HELI,unknown,none,,,,rotorcraft,none,,no,,,,
DHC6,no_dynamics(A320 fallback),1,none,none,unknown,unknown,native:DHC6,,,BADA 3.8 (2010) listed it as NOT covered; ANP native = reading of ANP description,turboprop,none,,yes,,,,DeHavilland Canada DHC-6 Twin Otter
PAY2,no_dynamics(A320 fallback),1,none,none,yes:3.8-model,unknown,none,,,ANP substitution table excludes light props (MTOW<8618 kg),turboprop,none,,yes,,,,Piper PA-31T2 Cheyenne 2XL
BE10,no_dynamics(A320 fallback),1,none,none,yes:3.8-synonym:D228,unknown,none,,,ANP substitution table excludes light props (MTOW<8618 kg),turboprop,none,,yes,,,,Beech 100 King Air
COL3,no_dynamics(A320 fallback),1,none,none,unknown,unknown,none,,,BADA 3.8 (2010) listed it as NOT covered; ANP substitution table excludes light props (MTOW<8618 kg),piston_ga,none,,no,,,,Cessna 350 Corvalis
M20T,no_dynamics(A320 fallback),1,none,none,yes:3.8-synonym:TRIN,unknown,none,,,ANP substitution table excludes light props (MTOW<8618 kg),piston_ga,none,,yes,,,,Mooney M20TN Acclaim Type S
PAY3,no_dynamics(A320 fallback),1,none,none,yes:3.8-model,unknown,native:PA42,,,ANP native = reading of ANP description,turboprop,none,,yes,,,,Piper PA-42 Cheyenne III
B735,openap_2_4_synonym,1,synonym:B734,native,yes:3.8-model,unknown,native:737500,No data,1CM004 1CM005 1CM006 1CM007,OpenAP drag-polar synonym B735->B734; ANP native = reading of ANP description,airliner,synonym:B734,737500,yes,128,CFM56-3B1|CFM56-3B2|CFM56-3C1,"ANP substitution table, by aircraft configuration (EASA TCDSN)",Boeing B737-500
WW24,no_dynamics(A320 fallback),1,none,none,yes:3.8-synonym:FA10,unknown,none,,,,business_jet,none,,no,,,"ANP substitution table, by aircraft configuration (EASA TCDSN)",IAI 1124 Westwind
H47,no_dynamics(A320 fallback),1,none,none,yes:3.8-synonym:HELI,unknown,none,,,,rotorcraft,none,,yes,,,,
B722,no_dynamics(A320 fallback),1,none,native,yes:3.8-model,unknown,native:727200|727D15|727D17|727Q15|727Q9,No data,1PW009 1PW010,ANP native = reading of ANP description; PS row gives n_engine=2 for the 727-200 (ANP 727200 lists 3 engines); F00 204 kN is a 3-engine total (reading),airliner,none,727D15,yes,133,JT8D-15,"ANP substitution table, by aircraft configuration (EASA TCDSN)",Boeing B727-228 Adv
MD82,no_dynamics(A320 fallback),1,none,native,yes:3.8-model,unknown,native:MD82,No data,1PW018 1PW019 4PW068 4PW069 4PW070 4PW071,ANP native = reading of ANP description; ANP ID(s) carry no approach D/R coefficient (fixed-point profiles only),airliner,none,MD82,yes,136,JT8D-217|JT8D-217A|JT8D-217C|JT8D-219,"ANP substitution table, by aircraft configuration (EASA TCDSN)",McDonnell Douglas MD-82
ASTR,no_dynamics(A320 fallback),1,none,none,yes:3.8-synonym:FA10,unknown,native:IA1125,No data,,ANP native = reading of ANP description,business_jet,none,IA1125,yes,120,TFE731-40R-200G,"ANP substitution table, by aircraft configuration (EASA TCDSN)",IAI 1125 Astra
HUSK,no_dynamics(A320 fallback),1,none,none,unknown,unknown,none,,,BADA 3.8 (2010) listed it as NOT covered; ANP substitution table excludes light props (MTOW<8618 kg),piston_ga,none,,no,,,,Aviat A-1 Husky
A5,no_dynamics(A320 fallback),1,none,none,unknown,unknown,none,,,ANP substitution table excludes light props (MTOW<8618 kg),piston_ga,none,,no,,,,Icon A-5
BL8,no_dynamics(A320 fallback),1,none,none,unknown,unknown,none,,,ANP substitution table excludes light props (MTOW<8618 kg),piston_ga,none,,no,,,,Bellanca 8 Scout
C240,no_dynamics(A320 fallback),1,none,none,unknown,unknown,none,,,ANP substitution table excludes light props (MTOW<8618 kg),piston_ga,none,,no,,,,Cessna T240 Corvalis TTx
AT73,no_dynamics(A320 fallback),1,none,none,unknown,unknown,substitute:HS748A,,,,airliner,none,HS748A,no,,,,ATR 72-210
A339,no_dynamics(A320 fallback),1,none,native,unknown,unknown,none,ICAO Code: A338 Notes: The A339 has less range but more pax for very similar perfromance ICAO Code: A333 Notes: The A339 offers greater aerodynamic efficiency,family:02P23RR139 02P23RR140 02P23RR141 02P23RR142 02P23RR143,EDB family match (reading): Trent 7000 (APD) -> EDB Trent7000-68/-70/-72/-72C/-72D,airliner,none,,yes,140,Trent 7000,EUROCONTROL APD power plant,Airbus A330-941
P06T,no_dynamics(A320 fallback),1,none,none,unknown,unknown,none,,,ANP substitution table excludes light props (MTOW<8618 kg),piston_ga,none,,no,,,,
AN2,no_dynamics(A320 fallback),1,none,none,unknown,unknown,none,,,BADA 3.8 (2010) listed it as NOT covered; ANP substitution table excludes light props (MTOW<8618 kg),piston_ga,none,,yes,,,,
BE55,no_dynamics(A320 fallback),1,none,none,yes:3.8-synonym:BE58,unknown,none,,,ANP substitution table excludes light props (MTOW<8618 kg),piston_ga,none,,yes,,,,Beech 55 Baron
C177,no_dynamics(A320 fallback),1,none,none,yes:3.8-synonym:P28A,unknown,none,,,ANP substitution table excludes light props (MTOW<8618 kg),piston_ga,none,,yes,,,,Cessna 177 Cardinal
S76,no_dynamics(A320 fallback),1,none,none,yes:3.8-synonym:HELI,unknown,none,,,,rotorcraft,none,,yes,,,,
PTS1,no_dynamics(A320 fallback),1,none,none,unknown,unknown,none,,,ANP substitution table excludes light props (MTOW<8618 kg),piston_ga,none,,no,,,,
B764,no_dynamics(A320 fallback),1,none,native,yes:3.8-model,unknown,native:767400,No data,8GE101,ANP native = reading of ANP description,airliner,none,767400,yes,150,CF6-80C2B8F,"ANP substitution table, by aircraft configuration (EASA TCDSN)",Boeing B767-400
SBR1,no_dynamics(A320 fallback),1,none,none,yes:3.8-synonym:FA10,unknown,substitute:IA1125,,,,business_jet,none,IA1125,no,,TFE731-3R-1D,"ANP substitution table, by aircraft configuration (EASA TCDSN)",Rockwell CT-39G Sabreliner
VO10,no_dynamics(A320 fallback),1,none,none,unknown,unknown,none,,,ANP substitution table excludes light props (MTOW<8618 kg),piston_ga,none,,no,,,,
H60,no_dynamics(A320 fallback),1,none,none,yes:3.8-synonym:HELI,unknown,none,,,,rotorcraft,none,,yes,,,,
E110,no_dynamics(A320 fallback),1,none,none,yes:3.8-synonym:SW4,unknown,none,,,ANP substitution table excludes light props (MTOW<8618 kg),turboprop,none,,yes,,,,Embraer EMB-110 Bandeirante
CRUZ,no_dynamics(A320 fallback),1,none,none,unknown,unknown,none,,,BADA 3.8 (2010) listed it as NOT covered; ANP substitution table excludes light props (MTOW<8618 kg),piston_ga,none,,no,,,,CZAW SportCruiser
BE23,no_dynamics(A320 fallback),1,none,none,unknown,unknown,none,,,BADA 3.8 (2010) listed it as NOT covered; ANP substitution table excludes light props (MTOW<8618 kg),piston_ga,none,,yes,,,,Beech 23 Musketeer
PC7,no_dynamics(A320 fallback),0,none,none,unknown,unknown,none,,,BADA 3.8 (2010) listed it as NOT covered; ANP substitution table excludes light props (MTOW<8618 kg),turboprop,none,,yes,,,,
A119,no_dynamics(A320 fallback),0,none,none,yes:3.8-synonym:HELI,unknown,none,,,,rotorcraft,none,,no,,,,
CRJ1,no_dynamics(A320 fallback),0,none,none,yes:3.8-model,unknown,substitute:CL601,No data,01P05GE189 1GE035,,airliner,none,CL601,yes,135,CF34-3A1|CF34-3B1,"ANP substitution table, by aircraft configuration (EASA TCDSN)",Canadair CRJ-100
C180,no_dynamics(A320 fallback),0,none,none,unknown,unknown,none,,,BADA 3.8 (2010) listed it as NOT covered; ANP substitution table excludes light props (MTOW<8618 kg),piston_ga,none,,no,,,,Cessna 180
EXNG,no_dynamics(A320 fallback),0,none,none,unknown,unknown,none,,,ANP substitution table excludes light props (MTOW<8618 kg),piston_ga,none,,no,,,,
