# source: EUROCONTROL EEC Technical/Scientific Report No. 2010/008 'Coverage of 2009 European Air Traffic for BADA Revision 3.8', Annex B
# file data/aircraft_performance/bada/BADA_3.8_Coverage_2009_traffic.pdf sha256 d5f2fad85645b94f33806e8da67692a13c2282b26d05f54544226f54512faf79
# table = model | synonym | not_covered (the three Annex B lists); columns as printed: No./rank, ICAO ID, FULL_NAME (truncated in print), BADA_MODEL, TOTAL TRAFFIC, %TOTAL, RANK
# this is the newest PUBLIC per-type BADA list found; current BADA 3 (264 models + 1641 synonyms, Nov 2025) has no public per-type list
table,no,icao,full_name,bada_model,traffic_2009,pct,rank
model,1,A306,AIRBUS A-300B4-600,A306,20453,0.214%,68
model,2,A30B,AIRBUS A-300B2/4,A30B,16417,0.172%,73
model,15,AT43,ATR-42-200/300/320,AT43,66616,0.698%,34
model,21,B712,BOEING 717-200,B712,9560,0.100%,107
model,22,B722,BOEING 727-200,B722,289,0.003%,293
model,26,B735,BOEING 737-500,B735,205396,2.153%,10
model,35,B753,BOEING 757-300,B753,16350,0.171%,74
model,36,B762,BOEING 767-200,B762,26161,0.274%,60
model,38,B764,BOEING 767-400,B764,11376,0.119%,96
model,44,BE20,SUPER KING AIR 200,BE20,57600,0.604%,35
model,45,BE58,BARON 58,BE58,13628,0.143%,85
model,47,BE9L,BEECH 90/A90 TO E90,BE9L,13172,0.138%,86
model,50,C421,GOLDEN EAGLE 421,C421,1715,0.018%,195
model,51,C510,CESSNA 510 CITATION MUST,C510,11456,0.120%,95
model,53,C560,CITATION V,C560,11957,0.125%,92
model,54,C750,CESSNA 750 CITATION,C750,3990,0.042%,149
model,55,CL60,CHALLENGER CL600/601,CL60,26404,0.277%,59
model,56,CRJ1,RJ-100 REGIONAL JET,CRJ1,22079,0.231%,65
model,57,CRJ2,RJ-200 REGIONAL JET,CRJ2,208413,2.185%,9
model,60,D328,D328,D328,39378,0.413%,41
model,61,DA42,DAIMOND DA-42,DA42,26950,0.283%,57
model,67,E120,BRASILIA EMB-120/HH/,E120,11106,0.116%,97
model,68,E135,EMBRAER ERJ-135,E135,37705,0.395%,43
model,72,EA50,ECLIPSE 500,EA50,768,0.008%,241
model,76,F2TH,DASSAULT FALCON 2000,F2TH,28542,0.299%,49
model,79,F900,DASSAULT-BREGUET FAL,F900,28336,0.297%,50
model,80,FA10,DASSAULT FALCON 10/M,FA10,4700,0.049%,140
model,81,FA20,DASSAULT FALCON 20/M,FA20,4402,0.046%,147
model,82,FA50,DASSAULT-BREGUET FAL,FA50,11553,0.121%,94
model,83,FA7X,DASSAULT FALCON 7X,FA7X,3820,0.040%,151
model,84,H25A,DE HAVILLAND DH-125,H25A,217,0.002%,312
model,88,LJ35,GATES LEARJET 35/36,LJ35,11088,0.116%,98
model,89,LJ45,LEARJET 45,LJ45,10846,0.114%,100
model,91,MD82,BOEING MD-82,MD82,130846,1.372%,16
model,92,MD83,BOEING MD-83,MD83,28103,0.295%,51
model,94,P28A,PA28-140/161/180/181,P28A,14332,0.150%,82
model,95,PA27,PIPER PA-23-235/250,PA27,778,0.008%,235
model,96,PA31,"PIPER CHIEFTAIN,...",PA31,12039,0.126%,91
model,97,PA34,SENECA III PA34-220T,PA34,27875,0.292%,53
model,98,PAY2,PA-31-T CHEYENNE 2,PAY2,3168,0.033%,160
model,99,PAY3,PA-42 720 CHEYENNE 3,PAY3,8441,0.088%,118
model,101,SB20,SAAB 2000,SB20,48950,0.513%,38
model,104,SW4,"EXPEDITER,MERLIN,...",SW4,20549,0.215%,67
synonym,526,A119,AGUSTA A-119 KOALA,HELI,3,0.000%,526
synonym,287,AA5,CHEETAH AA-5/A/B,P28A,332,0.003%,287
synonym,298,AC95,695 JETPROP COMMANDE,PAY3,273,0.003%,298
synonym,255,AEST,TED SMITH AEROSTAR,MU2,620,0.006%,255
synonym,194,AS55,AEROSPATIALE AS-355,HELI,1718,0.018%,194
synonym,260,ASTR,IAI 1125 ASTRA,FA10,570,0.006%,260
synonym,52,B190,BEECH 1900 (C-12J),JS32,27984,0.293%,52
synonym,103,B350,BEECH B300 SUPER KIN,PAY3,10371,0.109%,103
synonym,229,BE10,KING AIR 100 A,D228,843,0.009%,229
synonym,157,BE30,SUPER KING AIR 300,PAY3,3396,0.036%,157
synonym,177,BE33,BONANZA 33,TRIN,2345,0.025%,177
synonym,179,BE36,BONANZA 36,DA42,2296,0.024%,179
synonym,93,BE40,BEECHJET 400,C560,11954,0.125%,93
synonym,191,BE55,BARON 55 COCHISE,BE58,1738,0.018%,191
synonym,271,BE95,TRAVELAIR 95,TRIN,471,0.005%,271
synonym,240,BE9T,BEECH F90 KING AIR,BE9L,770,0.008%,240
synonym,300,C177,CARDINAL 177,P28A,270,0.003%,300
synonym,132,C182,SKYLANE 182/RG,TRIN,5472,0.057%,132
synonym,117,C208,CARAVAN I,PA27,8574,0.090%,117
synonym,174,C210,CENTURION/II,TRIN,2438,0.026%,174
synonym,62,C25A,CESSNA 525A CITATION,C560,24849,0.261%,62
synonym,84,C25B,525B CITATION CJ3,C560,14045,0.147%,84
synonym,156,C30J,C-130J,C130,3416,0.036%,156
synonym,210,C310,CESSNA 310/T310,PA34,1108,0.012%,210
synonym,171,C340,CESSNA 340,PA31,2482,0.026%,171
synonym,236,C404,TITAN 404,C421,775,0.008%,236
synonym,213,C414,CHANCELLOR 414,PA31,1088,0.011%,213
synonym,192,C425,CORSAIR/CONQUEST,PAY2,1727,0.018%,192
synonym,247,C441,CONQUEST II-441,PAY3,716,0.008%,247
synonym,167,C501,CITATION 1SP,C550,2719,0.029%,167
synonym,48,C525,CITATIONJET 525,C550,30632,0.321%,48
synonym,39,C56X,CESSNA 560XL,C560,46942,0.492%,39
synonym,144,C650,CITATION III,H25A,4528,0.047%,144
synonym,108,C680,CESSNA 680 CITATION,F2TH,9415,0.099%,108
synonym,211,C72R,CESSNA 172RG CUTLASS,TRIN,1106,0.012%,211
synonym,276,C82R,CESSNA R182/TR182 (T,TRIN,422,0.004%,276
synonym,105,CL30,BD-100 CHALLENGER300,F2TH,10012,0.105%,105
synonym,252,COL4,LANCIAR COLUMBIA 400,TRIN,636,0.007%,252
synonym,33,CRJ7,RJ-700 REGIONAL JET,CRJ9,67778,0.711%,33
synonym,319,E110,BANDEIRANTE EMB-110,SW4,167,0.002%,319
synonym,281,E50P,EMBRAER PHENOM 100,C550,368,0.004%,281
synonym,524,EC20,EUROCOPTER EC-120,HELI,3,0.000%,524
synonym,208,EC45,EUROCOPTER EC-145,HELI,1160,0.012%,208
synonym,290,F5,FREEDOM FIGHTER/CF-5,FGTN,308,0.003%,290
synonym,187,G150,IAI GULFSTREAM 150,LJ35,1916,0.020%,187
synonym,136,GALX,IAI GALAXY,F2TH,5162,0.054%,136
synonym,158,GL5T,BD-700 GLOBAL 5000,C750,3338,0.035%,158
synonym,102,GLEX,CANADAIR BL-701 GLOB,C750,10497,0.110%,102
synonym,199,GLF3,GULFSTREAM 3,FA7X,1564,0.016%,199
synonym,76,GLF4,GULFSTREAM 4,FA7X,16109,0.169%,76
synonym,69,GLF5,GULFSTREAM 5,FA7X,19216,0.201%,69
synonym,44,H25B,HAWKER SIDDELEY HS-1,H25A,37362,0.392%,44
synonym,224,H25C,BRITISH AEROSPACE BA,FA20,869,0.009%,224
synonym,338,H47,BOEING VERTOL MH-47 CHINOOK,HELI,108,0.001%,338
synonym,262,H60,S-70,HELI,561,0.006%,262
synonym,180,LJ31,GATES LEARJET 31,LJ45,2143,0.022%,180
synonym,134,LJ40,LEARJET 40,LJ45,5230,0.055%,134
synonym,197,LJ55,GATES LEARJET 55,LJ45,1648,0.017%,197
synonym,90,LJ60,LEARJET 60,LJ45,12043,0.126%,90
synonym,153,M20P,M-20 NON TURBOCHARGE,TRIN,3693,0.039%,153
synonym,170,M20T,M-20 TURBOCHARGED,TRIN,2642,0.028%,170
synonym,119,MD88,BOEING MD-88,MD82,7948,0.083%,119
synonym,79,P180,P 180 AVANTI,C550,15283,0.160%,79
synonym,288,P28B,PA28-201/235/236,TRIN,319,0.003%,288
synonym,111,P28R,PIPER PA-28R-180/200,DA42,8853,0.093%,111
synonym,267,P32R,PIPER PA-32R CHEROKE,TRIN,498,0.005%,267
synonym,120,P46T,JETPROP DLX,BE9L,7933,0.083%,120
synonym,182,PA32,"PIPER CHEROKEE,...",TRIN,2097,0.022%,182
synonym,114,PA44,SEMINOLE,TRIN,8815,0.092%,114
synonym,78,PC12,PILATUS PC-12,BE9L,15804,0.166%,78
synonym,106,PRM1,RAYTHEON PREMIER 1,C560,9580,0.100%,106
synonym,124,S76,SIKORSKY S-76/H-76/A,HELI,6769,0.071%,124
synonym,306,SBR1,NORTH AMERICAN NA-26,FA10,245,0.003%,306
synonym,99,SR22,CIRRUS SR-22,TRIN,11023,0.116%,99
synonym,87,TBM7,TBM 700,PAY3,13111,0.137%,87
synonym,201,TBM8,TBM8,BE20,1489,0.016%,201
synonym,430,WW24,WESTWIND,FA10,12,0.000%,430
not_covered,251,AC11,COMMANDER 112/114,,638,0.007%,251
not_covered,510,AN2,AN-2,,4,0.000%,510
not_covered,383,B36T,ALLISON 36 TURBINE B,,33,0.000%,383
not_covered,414,BE23,SUNDOWNER 2/MUSKET23,,16,0.000%,414
not_covered,238,BE35,BONANZA 35,,773,0.008%,238
not_covered,554,BL17,BELLANCA 17 VIKING/S,,2,0.000%,554
not_covered,456,C150,CESSNA 150,,8,0.000%,456
not_covered,326,C152,CESSNA 152,,135,0.001%,326
not_covered,432,C180,SKYWAGON 180,,12,0.000%,432
not_covered,400,C185,SKYWAGON 185,,22,0.000%,400
not_covered,148,C27J,ALENIA C-27J SPARTAN,,4292,0.045%,148
not_covered,330,COL3,LANCAIR LC-40,,129,0.001%,330
not_covered,643,CRUZ,CZAW SPORTCRUISER,,1,0.000%,643
not_covered,122,DA40,DIAMOND DA-40 KATANA,,7447,0.078%,122
not_covered,163,DHC6,DE HAVILLAND CANADA,,3041,0.032%,163
not_covered,617,G200,AKROTECH G-200,,1,0.000%,617
not_covered,446,GA8,GIPPSLAND GA-8 AIRVA,,10,0.000%,446
not_covered,282,HA4T,RAYTHEON 4000 HAWKER,4000,359,0.004%,282
not_covered,621,HUSK,CHRISTEN A-1 HUSKY,,1,0.000%,621
not_covered,225,P210,CESSNA P210 PRESSURI,,867,0.009%,225
not_covered,304,P32T,PIPER PA-32RT LANCE,,257,0.003%,304
not_covered,296,PA24,COMACHE,,280,0.003%,296
not_covered,391,PA38,TOMAHAWK,,26,0.000%,391
not_covered,131,PA46,MALIBU,,5563,0.058%,131
not_covered,278,PC7,PILATUS PC-7 TURBO,,392,0.004%,278
not_covered,169,SR20,CIRRUS SR-20,,2651,0.028%,169
not_covered,339,T38,TALON,,106,0.001%,339
not_covered,334,TEX2,RAYTHEON T-6,,118,0.001%,334
