# source: ICAO Aircraft Engine Emissions Databank, issue 32 (20 March 2026), EASA-hosted, sheet 'Gaseous Emissions and Smoke'
# file edb-emissions-databank_v32__web_.xlsx sha256 57a9ff572458ad3a3141afc1aea932b5faa5796d279f0ac74600b27869302530
# engine designations per type: EASA TCDSN via the ANP substitution table 'by aircraft configuration' (ENGINE_TYPE column), else APD 'Power plant'
# match = exact designation (after removing a trailing '(...)' installation suffix); family = hand-checked reading, see README
typecode,engine_designation,match,UID No,Engine Identification,Rated Thrust (kN),Eng Type,B/P Ratio,Data Superseded,Current Engine Status
A306,CF6-80C2A1,exact,1GE014,CF6-80C2A1,257.39999999999998,TF,5.0999999999999996,,Out of production
A306,CF6-80C2A1,exact,2GE036,CF6-80C2A1,257.39999999999998,TF,5.0999999999999996,,Out of production
A306,CF6-80C2A3,exact,1GE018,CF6-80C2A3,262.22000000000003,TF,5.0999999999999996,,Out of production
A306,CF6-80C2A3,exact,2GE038,CF6-80C2A3,262.22000000000003,TF,5.0999999999999996,,Out of production
A306,CF6-80C2A5,exact,1GE020,CF6-80C2A5,267.3,TF,5.0999999999999996,,Out of production
A306,CF6-80C2A5,exact,2GE039,CF6-80C2A5,267.33999999999997,TF,5.0999999999999996,,Out of production
A306,CF6-80C2A5F,exact,3GE056,CF6-80C2A5F,271.88,TF,5.0999999999999996,,Out of production
A306,JT9D-7R4H1,exact,1PW030,JT9D-7R4H1,249.1,TF,4.8,,Out of production
A306,PW4158,exact,1PW048,PW4158,258,TF,4.5999999999999996,,Out of production
A30B,CF6-50C,exact,1GE006,CF6-50C,224.2,TF,4.3,,Out of production
A30B,CF6-50C,exact,3GE070,CF6-50C,224.2,TF,4.3,,Out of production
A30B,CF6-50C2,exact,3GE074,CF6-50C2,230.4,TF,4.3,,Out of production
A30B,CF6-50C2R,exact,1GE008,CF6-50C2R,224.2,TF,4.3,,Out of production
A30B,CF6-50C2R,exact,3GE072,CF6-50C2R,224.2,TF,4.3,,Out of production
A30B,JT9D-59A,exact,1PW033,JT9D-59A,235.8,TF,4.9000000000000004,,Out of production
A339,Trent 7000 (APD) -> EDB Trent7000-68/-70/-72/-72C/-72D,family,02P23RR139,Trent7000-68,308.73774435399997,TF,9.1551799999999997,,Out of Production
A339,Trent 7000 (APD) -> EDB Trent7000-68/-70/-72/-72C/-72D,family,02P23RR140,Trent7000-70,317.77208323600001,TF,9.0933799999999998,,Out of Production
A339,Trent 7000 (APD) -> EDB Trent7000-68/-70/-72/-72C/-72D,family,02P23RR141,Trent7000-72,327.918477618,TF,8.9393899999999995,,Out of Production
A339,Trent 7000 (APD) -> EDB Trent7000-68/-70/-72/-72C/-72D,family,02P23RR142,Trent7000-72C,327.918477618,TF,8.9393899999999995,,Out of Production
A339,Trent 7000 (APD) -> EDB Trent7000-68/-70/-72/-72C/-72D,family,02P23RR143,Trent7000-72D,327.918477618,TF,8.9393899999999995,,Out of Production
B712,BR700-715A1-30,exact,4BR002,BR700-715A1-30,84.16,MTF,4.66,,Out of production
B712,BR700-715A1-30,exact,4BR005,BR700-715A1-30,83.23,MTF,4.68,,Out of production
B712,BR700-715C1-30,exact,4BR004,BR700-715C1-30,95.33,MTF,4.55,,Out of production
B712,BR700-715C1-30,exact,4BR007,BR700-715C1-30,95.33,MTF,4.54,,Out of production
B722,JT8D-15,exact,1PW009,JT8D-15,68.94,MTF,1.03,,Out of production
B722,JT8D-15,exact,1PW010,JT8D-15,68.94,MTF,1.03,,Out of production
B735,CFM56-3B1,exact,1CM004,CFM56-3-B1,89.41,TF,5.0999999999999996,,Out of production
B735,CFM56-3B2,exact,1CM005,CFM56-3B-2,98.3,TF,5.0999999999999996,,Out of production
B735,CFM56-3C1,exact,1CM007,CFM56-3C-1,104.6,TF,5.0999999999999996,,Out of production
B735,CFM56-3C1,exact,1CM006,CFM56-3C-1 (Rerated),82.29,TF,5.0999999999999996,,Out of production
B753,PW2037,exact,4PW072,PW2037,166.35,TF,5.71,,Out of production
B753,PW2040,exact,4PW073,PW2040,182.02,TF,5.54,,Out of production
B762,CF6-80A,exact,1GE010,CF6-80A,208.8,TF,5,,Out of production
B762,CF6-80A2,exact,1GE012,CF6-80A2,216.5,TF,5,,Out of production
B762,CF6-80C2B2,exact,1GE025,CF6-80C2B2,231.1,TF,5.0999999999999996,,Out of production
B762,CF6-80C2B2,exact,2GE042,CF6-80C2B2,231.08,TF,5.0999999999999996,,Out of production
B762,CF6-80C2B2F,exact,1GE026,CF6-80C2B2F,231.35,TF,5.0999999999999996,,Out of production
B762,CF6-80C2B2F,exact,2GE046,CF6-80C2B2F,231.35,TF,5.0999999999999996,,Out of production
B762,CF6-80C2B4,exact,1GE027,CF6-80C2B4,254.35,TF,5.0999999999999996,,Out of production
B762,CF6-80C2B4,exact,2GE043,CF6-80C2B4,254.35,TF,5.0999999999999996,,Out of production
B762,CF6-80C2B4F,exact,1GE028,CF6-80C2B4F,254.79,TF,5.0999999999999996,,Out of production
B762,CF6-80C2B4F,exact,2GE047,CF6-80C2B4F,254.79,TF,5.0999999999999996,,Out of production
B762,CF6-80C2B6F,exact,1GE030,CF6-80C2B6F,267.02999999999997,TF,5.0999999999999996,,Out of production
B762,CF6-80C2B7F,exact,2GE054,CF6-80C2B7F,267.02999999999997,TF,5.0999999999999996,,Out of production
B762,CF6-80C2B7F,exact,2GE055,CF6-80C2B7F,267.02999999999997,TF,5.0999999999999996,,Out of production
B762,JT9D-7R4D,exact,1PW026,"JT9D-7R4D, -7R4D1",213.5,TF,5,,Out of production
B762,JT9D-7R4E,exact,1PW027,"JT9D-7R4E, -7R4E1",222.4,TF,5,,Out of production
B762,PW4056,exact,1PW041,PW4056,252.4,TF,4.7,,Out of production
B762,PW4056,exact,1PW042,PW4056,249.1,TF,4.7,,Out of production
B762,PW4060,exact,1PW043,PW4060,266.89999999999998,TF,4.5,,Out of production
B762,PW4060,exact,12PW101,PW4060,266.89999999999998,TF,4.7,,Out of production
B764,CF6-80C2B8F,exact,8GE101,CF6-80C2B8F,267,TF,5.0999999999999996,,Out of production
BCS1,PW1524G,exact,16PW111,PW1524G,108.53,TF,11.05,,Out of production
BCS1,PW1524G,exact,04P20PW196,PW1524G,108.53,TF,11.05,,
BCS3,PW1521G-3/PW1524G-3 (TCDSN) -> EDB PW1521G / PW1524G,family,16PW112,PW1521G,97.72,TF,11.37,,Out of production
BCS3,PW1521G-3/PW1524G-3 (TCDSN) -> EDB PW1521G / PW1524G,family,04P20PW197,PW1521G,97.72,TF,11.37,,
BCS3,PW1521G-3/PW1524G-3 (TCDSN) -> EDB PW1521G / PW1524G,family,16PW111,PW1524G,108.53,TF,11.05,,Out of production
BCS3,PW1521G-3/PW1524G-3 (TCDSN) -> EDB PW1521G / PW1524G,family,04P20PW196,PW1524G,108.53,TF,11.05,,
BE40,JT15D-5,exact,1PW037,"JT15D-5, -5A, -5B",12.9,TF,2.1,,Out of production
C560,JT15D-5A,exact,1PW037,"JT15D-5, -5A, -5B",12.9,TF,2.1,,Out of production
C750,AE3007 C,exact,8AL025,AE3007C,29.62,MTF,5.2,,Out of production
C750,AE3007 C,exact,6AL022,AE3007C,29.62,MTF,5.2,,Out of production
C750,AE3007 C1,exact,6AL023,AE3007C1,31.46,MTF,5.0999999999999996,,Out of production
C750,AE3007 C1,exact,6AL024,AE3007C1,31.46,MTF,5.0999999999999996,,Out of production
CL30,AS907-1-1A,exact,11HN003,HTF7000 (AS907-1-1A),30.62,MTF,4.2,,Out of production
CL30,AS907-2-1A,exact,01P14HN011,AS907-2-1A (HTF7350),33,MTF,4.2,,
CL35,HTF7350,exact,01P14HN011,AS907-2-1A (HTF7350),33,MTF,4.2,,
CL60,CF34-3A,exact,1GE034,CF34-3A,41.01,TF,6.25,,Out of production
CL60,CF34-3A,exact,07P05GE220,CF34-3A/A1/A2/B1/B2,41.01,TF,6.25,,
CL60,CF34-3A1,exact,1GE035,CF34-3A1,41.01,TF,6.25,,Out of production
CL60,CF34-3B,exact,5GE084,CF34-3B,41.01,TF,6.25,Yes,
CL60,CF34-3B,exact,01P05GE189,CF34-3B/-3B1,41.01,TF,6.25,Yes,
CRJ1,CF34-3A1,exact,1GE035,CF34-3A1,41.01,TF,6.25,,Out of production
CRJ1,CF34-3B1,exact,01P05GE189,CF34-3B/-3B1,41.01,TF,6.25,Yes,
CRJ2,CF34-3B1,exact,01P05GE189,CF34-3B/-3B1,41.01,TF,6.25,Yes,
CRJ7,CF34-8C1,exact,5GE083,CF34-8C1,56.36,TF,5.13,,Out of production
CRJ7,CF34-8C5B1,exact,07P27GE223,"CF34-8C5B1, CF34-8C5B1/B",56.353195981120003,TF,4.9177999999999997,,Out of production
E135,AE3007 A1/3,exact,6AL011,AE3007A1/3,33.049999999999997,MTF,4.8099999999999996,,Out of production
E135,AE3007 A1/3,exact,6AL012,AE3007A1/3,33.049999999999997,MTF,4.8099999999999996,,Out of production
E135,AE3007 A1/3,exact,01P06AL030,AE3007A1/3,33.049999999999997,MTF,4.8099999999999996,,Out of production
E135,AE3007 A1E,exact,01P06AL032,AE3007A1E,37.159999999999997,MTF,4.72,,Out of production
E135,AE3007 A1P,exact,6AL014,AE3007A1P,34.74,MTF,4.7699999999999996,,Out of production
E135,AE3007 A1P,exact,6AL015,AE3007A1P,34.74,MTF,4.7699999999999996,,Out of production
E135,AE3007 A1P,exact,01P06AL031,AE3007A1P,34.74,MTF,4.7699999999999996,,Out of production
E135,AE3007 A2,exact,01P10AL033,AE3007A2,42.23,MTF,4.79,,Out of production
E135,AE3007 A3,exact,6AL017,AE3007A3,33,MTF,4.72,,Out of production
E135,AE3007 A3,exact,6AL018,AE3007A3,33,MTF,4.72,,Out of production
E135,AE3007 A3,exact,01P06AL034,AE3007A3,33,MTF,4.72,,Out of production
E545,AS-907-3-1E (TCDSN) -> EDB AS907-3-1E-A1/-A2/-A3 (HTF7500E),family,01P14HN014,AS907-3-1E-A1 (HTF7500E),29.4,MTF,4.2,,
E545,AS-907-3-1E (TCDSN) -> EDB AS907-3-1E-A1/-A2/-A3 (HTF7500E),family,01P14HN015,AS907-3-1E-A2 (HTF7500E),31.61,MTF,4.2,,
E545,AS-907-3-1E (TCDSN) -> EDB AS907-3-1E-A1/-A2/-A3 (HTF7500E),family,01P14HN016,AS907-3-1E-A3 (HTF7500E),33.83,MTF,4.2,,
E75S,CF34-8E5,exact,07P27GE226,CF34-8E5,59.694255876880298,TF,4.7243199999999996,,
E75S,CF34-8E5A1,exact,07P27GE227,CF34-8E5A1,62.497970498499001,TF,4.6903699999999997,,
F2TH,PW308C,exact,7PW080,PW308C,31.15,MTF,4.0999999999999996,Yes,Out of production
FA50,TFE731-3(-1C),exact,1AS002,TFE731-3,16.5,TF,2.64,,Out of production
FA7X,PW307A,exact,03P16PW192,PW307A,28.49,MTF,4.2,,
FA7X,PW307D,exact,03P15PW193,PW307D,29.91,MTF,4.2,,
G280,AS907-2-1G,exact,01P11HN012,AS907-2-1G (HTF7250G),32.86,MTF,4.2,,
GALX,PW306A,exact,7PW077,PW306A,26.87,MTF,4.5,,Out of production
GL5T,BR700-710A2-20,exact,01P04BR013,BR700-710A2-20,65.61,MTF,4.1900000000000004,,
GLEX,BR700-710A2-20,exact,01P04BR013,BR700-710A2-20,65.61,MTF,4.1900000000000004,,
GLF4,Tay 611-8C,exact,11RR048,TAY 611-8C,61.6,MTF,3.26,,Out of production
GLF5,BR700-710A1-10,exact,3BR001,BR700-710A1-10,65.61,MTF,4.2,,Out of production
GLF5,BR700-710A1-10,exact,4BR008,BR700-710A1-10,65.61,MTF,4.2,,Out of production
GLF5,BR700-710C4-11,exact,01P06BR014,BR700-710C4-11,68.77,MTF,4.05,,
H25B,TFE731-3,exact,1AS002,TFE731-3,16.5,TF,2.64,,Out of production
HA4T,PW308A,exact,01P07PW145,PW308A,30.71,MTF,4.0999999999999996,,
LJ35,TFE731-2-2B,exact,1AS001,TFE731-2-2B,15.6,TF,2.64,,Out of production
MD82,JT8D-217,exact,4PW068,JT8D-217,92.74,MTF,1.73,,Out of production
MD82,JT8D-217,exact,1PW018,JT8D-217 series,92.74,MTF,1.73,,Out of production
MD82,JT8D-217A,exact,4PW069,JT8D-217A,92.74,MTF,1.73,,Out of production
MD82,JT8D-217C,exact,4PW070,JT8D-217C,92.74,MTF,1.7,,Out of production
MD82,JT8D-219,exact,1PW019,JT8D-219,96.52,MTF,1.7,,Out of production
MD82,JT8D-219,exact,4PW071,JT8D-219,96.52,MTF,1.7,,Out of production
MD83,JT8D-217,exact,4PW068,JT8D-217,92.74,MTF,1.73,,Out of production
MD83,JT8D-217,exact,1PW018,JT8D-217 series,92.74,MTF,1.73,,Out of production
MD83,JT8D-217A,exact,4PW069,JT8D-217A,92.74,MTF,1.73,,Out of production
MD83,JT8D-217C,exact,4PW070,JT8D-217C,92.74,MTF,1.7,,Out of production
MD83,JT8D-219,exact,1PW019,JT8D-219,96.52,MTF,1.7,,Out of production
MD83,JT8D-219,exact,4PW071,JT8D-219,96.52,MTF,1.7,,Out of production
MD88,JT8D-217A,exact,4PW069,JT8D-217A,92.74,MTF,1.73,,Out of production
MD88,JT8D-217C,exact,4PW070,JT8D-217C,92.74,MTF,1.7,,Out of production
MD88,JT8D-219,exact,1PW019,JT8D-219,96.52,MTF,1.7,,Out of production
MD88,JT8D-219,exact,4PW071,JT8D-219,96.52,MTF,1.7,,Out of production
