# source: pycontrails 0.63.5 wheel (cp312 manylinux), member pycontrails/models/ps_model/static/ps-aircraft-params-20250328.csv
# member sha256 2d462e5a8cc4f1fbf8671b8f850232562d0acf86981b24633dc1f96d2978a0db; git blob 7c7fe020e4f8 = GitHub contrailcirrus/pycontrails main (2026-09-10)
# rows: every PS model that one of our 199 types maps to (native or via ps-synonym-list-20250328.csv), copied verbatim
# units per the file header / PSAircraftEngineParams docstring: *_kg kg, Sref_m2 m^2, span_m/bf_m m, nominal_F00_ISA_kn kN (sum over engines), mf_* kg/s
ICAO,Manufacturer,Type,Year_of_first_flight,n_engine,winglets,WV,MTOM_kg,MLM_kg,MZFM_kg,OEM_i_kg,MPM_i_kg,MZFM_MTOM,OEM_i_MTOM,MPM_i_MTOM,Sref_m2,span_m,bf_m,delta_2,cos_sweep,AR,psi_0,Xo,wing_constant,j_2,j_1,CL_do,etaL_D_do,nominal_F00_ISA_kn,mf_max_T_O_SLS_kg_s,mf_idle_SLS_kg_s,M_des,CT_des,eta_1,eta_2,Mec,Tec,FL_max,MMO,pi_max_pa,pinf_co_pa,nominal_opr,nominal_bpr,nominal_fpr
A306,Airbus,A300B4-600R,1983,2,no,0,170500,139777,130000,88565,46990,0.762463343,0.50568915,0.256774194,260,44.84,5.64,0.031641495,0.882947568,7.733175385,7.803846371,1.014875092,0.721487903,0.871400617,0.076160146,0.519478424,5.296827535,524.8533333,5.078666667,0.424,0.7527,0.030658862,0.364210924,0.537766667,0.683259556,5.336387723,410,0.82,20882.78822,37618.41516,31.52666667,4.933333333,1.65
A30B,Airbus,A300B4-200,1973,2,no,6,165000,135333,126000,88505,37495,0.751515152,0.536393939,0.215121212,260,44.83,5.64,0.031655613,0.882947568,7.729726538,8.774193537,1.036099444,0.711780698,0.86836702,0.07391802,0.548381029,4.318482734,466.2,4.8029,0.4,0.7527,0.034997635,0.321789379,0.54535,0.674344,4.93205278,390,0.82,20882.78822,37618.41516,26.47,4.6,1.65
A339,Airbus,A330-900,2017,2,no,,242000,191000,179667,133667,46000,0.747933884,0.55785124,0.190082645,374,64,5.64,0.015532031,0.866025375,10.95187166,6.46325095,0.96246813,0.779169206,0.873192286,0.076918011,0.539469135,8.110705591,655.6,4.956,0.482,0.786,0.023887738,0.399788387,0.44525,0.7634,6.232485988,414.5,0.86,22875.41229,36864.52979,45.4,9,1.65
B712,Boeing,B717-200,1998,2,no,HGW,54884,47970,44452,30833,13619,0.83058815,0.566121274,0.264466876,92.75,28.4,3.4,0.028664947,0.906307767,8.69606469,8.722339782,1.035797278,0.684750239,0.867306999,0.07298002,0.593541399,4.555779693,179.025,1.8155,0.201,0.7,0.037603724,0.350583851,0.545179375,0.67454851,5.998301413,370.9973753,0.82,20882.78822,37618.41516,30.4725,4.6075,1.65
B722,Boeing,727-200,1967,2,no,0,83820,71600,64350,45062,19288,0.758291577,0.529587211,0.228704366,157.9,32.92,3.76,0.026090718,0.848048064,6.863371754,7.901954881,1.057801221,0.686729187,0.86502235,0.07205027,0.499213735,3.689723246,203.75625,3.4058625,0.41835,0.77,0.03284992,0.286,0.626595938,0.556514178,4.631875613,420,0.9,24977.42649,36140.62533,16.539375,1.02875,1.65
B735,Boeing,B737-500,1989,2,no,3,60555,49895,46538,31312,15226,0.76779787,0.517083643,0.250714227,103.7,28.9,3.76,0.033854001,0.906307767,8.054098361,8.33451025,1.009337993,0.721164574,0.869653399,0.074113442,0.550008118,4.05463838,187.3,2.014,0.234,0.728575,0.034586216,0.301940508,0.533975,0.687584,5.694014409,370,0.82,20882.78822,37618.41516,23.335,5.1,1.65
B753,Boeing,B757-300,1998,2,no,2,122470,101610,95260,64455,30805,0.777904793,0.527312811,0.250591982,189,38.06,3.76,0.019519474,0.906307767,7.664357672,7.593716886,1.005262025,0.759572707,0.87301803,0.077746352,0.522123205,5.260668861,357.962,3.6404,0.3454,0.772,0.030631737,0.355109179,0.54209675,0.678212322,5.884200369,430,0.86,22875.41229,36864.52979,26.909,4.743,1.65
B762,Boeing,B767-200ER,1984,2,no,6,179169,128820,116347,82285,34062,0.658227707,0.459772617,0.19845509,283.3,47.57,5.03,0.022361435,0.852640133,7.987662902,6.962665875,1.012922549,0.718636663,0.871373991,0.076077449,0.50014418,5.891145984,504.4066667,4.8587,0.407266667,0.772,0.027161252,0.367680713,0.537596042,0.683456066,5.407506184,430,0.86,22875.41229,36864.52979,30.22716667,4.940833333,1.65
B764,Boeing,B767-400ER,1999,2,no,1,204116,158757,149685,103510,46175,0.733333007,0.505335202,0.227997805,283.3,51.92,5.03,0.018771397,0.852640133,9.515306742,7.202171898,1.015950634,0.72271456,0.869996123,0.074730057,0.543871305,6.148190272,512.7957895,4.861157895,0.399794737,0.772,0.027844828,0.361414229,0.533975,0.687584,5.831334305,450,0.86,22875.41229,36864.52979,30.55605263,5.1,1.65
B78X,Boeing,B787-10,2017,2,no,,254011,201848,192776,135500,57276,0.758927763,0.533441465,0.225486298,377,60.12,5.77,0.018422293,0.846193133,9.587306101,6.607025807,0.970886833,0.78231171,0.872881338,0.076703182,0.512787007,7.704002339,688.56,5.332568421,0.474731579,0.815425,0.024318041,0.400356131,0.448435,0.76152064,6.188500149,411,0.9,24977.42649,36140.62533,46.44,8.86,1.65
BCS1,Airbus,A220-100,2013,2,yes,,60781,52844,50802,35702,15100,0.805959099,0.579490301,0.226468798,115,32.5,3.505,0.023261586,0.898794024,9.184782609,7.341279884,0.960595004,0.776436689,0.872616965,0.075848076,0.575972879,6.185990497,200.8,1.438,0.148,0.753623188,0.030392966,0.364818967,0.3931525,0.78523744,6.230436775,410,0.82,20882.78822,37618.41516,36.1,11.29,1.65
BCS3,Airbus,A220-200,2015,2,yes,,70896,61008,58060,39360,18700,0.818946062,0.523047845,0.295898217,115,32.5,3.505,0.023261586,0.898794024,9.184782609,7.724262518,0.963925925,0.775119863,0.872128778,0.075195994,0.585019236,6.055724131,200.8,1.438,0.148,0.753623188,0.031581624,0.365365479,0.3931525,0.78523744,6.261141077,410,0.82,20882.78822,37618.41516,36.1,11.29,1.65
CRJ9,Bombardier,CRJ-9,1999,2,yes,0,38329,33345,32092,21845,10247,0.837277257,0.557019489,0.280257768,69,22.62,2.69,0.028284555,0.898794024,7.415426087,7.940977915,1.011391814,0.736978861,0.869436756,0.073972647,0.549943744,4.185393752,120.9433333,1.326366667,0.129766667,0.7527,0.034336494,0.304067923,0.5332925,0.68835296,5.960740978,410,0.85,22367.12483,37049.99171,23.44833333,5.13,1.65
E135,Embraer,EMB-135LR,1995,2,no,0,20000,18500,16000,11501,4499,0.79995,0.575,0.22495,51.18,20.04,2.25,0.025211553,0.923879516,7.846846424,8.018356069,1.012322431,0.708748302,0.869299248,0.073869708,0.562009635,3.431268437,66.1,0.7178,0.0898,0.70445,0.036968374,0.27276541,0.5405725,0.68000224,5.917521821,370,0.78,18996.45555,38407.92089,17.22,4.81,1.65
E75S,Embraer,E170-200 (short wing),2002,2,yes,,40370,34100,32000,21800,10200,0.542234332,0.542234332,0.25043349,83,25,3,0.0288,0.923879516,7.530120482,7.845214774,0.999386883,0.742337704,0.871132376,0.075370291,0.552407435,3.91652483,120.114,1.31516,0.12908,0.733,0.033926186,0.283867353,0.5332925,0.68835296,6.057293054,410,0.82,20882.78822,37618.41516,23.314,5.13,1.65
GLF5,Gulfstream,G-550,1995,2,no,0,41277,34156,24721,21909,2812,0.571432032,0.530779853,0.040652179,105.56,28.5,2.5,0.015389351,0.906307767,7.694676014,6.702319588,0.99471301,0.76525366,0.872752056,0.077203567,0.508157359,5.5011112,137.54,1.494,0.166,0.772,0.029344031,0.367,0.5578625,0.658856,5.849906518,510,0.885,24176.14834,36408.88368,24.95,4.05,1.65
MD82,Boeing,MD-82,1981,2,no,0,67812,58967,55338,35369,19969,0.816050257,0.521574353,0.294475904,112.3,32.85,3.35,0.020799307,0.923879516,9.60928317,8.955934197,1.034594007,0.714688042,0.866072122,0.0718649,0.612313936,3.987672179,185.48,2.621,0.2743,0.72,0.037613802,0.299388919,0.610813125,0.58259779,5.437458322,370,0.84,21865.62405,37237.40235,19.5075,1.7225,1.65
MD83,Boeing,MD-83,1984,2,no,0,72575,63276,55338,36145,19193,0.762493972,0.498036514,0.264457458,112.3,32.85,3.35,0.020799307,0.923879516,9.60928317,8.85605389,1.046265541,0.708621624,0.866902498,0.073058432,0.62175399,3.897539841,193.04,2.708,0.2688,0.72,0.037907506,0.290478105,0.611325,0.581776,5.567055426,370,0.84,21865.62405,37237.40235,20.27,1.7,1.65
